username;date;retweets;favorites;text;geo;mentions;hashtags;id;permalink
MothDustPhoto;2016-07-13 16:38;0;0;"#altonsterling vigil; on assignment for @papermagazine @Union Square Park https://www. instagram.com/p/BH0gOWqjvrN/";;@papermagazine @Union;#altonsterling;"753372967862755329";https://twitter.com/MothDustPhoto/status/753372967862755329
515Maz;2016-07-13 16:29;0;0;"Took this last Saturday night at a #BlackLivesMatter protest in #NYC of the recent deaths by… https://www. instagram.com/p/BH0fO-sg1QK/";;;#BlackLivesMatter #NYC;"753370788200316928";https://twitter.com/515Maz/status/753370788200316928
_Tiffsterrr;2016-07-13 16:14;0;3;"Black Lives Matter protest in Hackensack 7/12 #BLM #blacklivesmatter #Hackensack -- Super… https://www. instagram.com/p/BH0dkXMAr-Q/";;;#BLM #blacklivesmatter #Hackensack;"753367128271642624";https://twitter.com/_Tiffsterrr/status/753367128271642624
WPIR984Fm;2016-07-13 13:07;0;0;"#Repost @balleralert with repostapp ・・・ #AltonSterling 's son speaks about his father's death… https://www. instagram.com/p/BH0IG_OgCpX/";;@balleralert;#Repost #AltonSterling;"753319970046631940";https://twitter.com/WPIR984Fm/status/753319970046631940
WPIR984Fm;2016-07-13 13:03;0;1;"#Repost @balleralert with repostapp ・・・ #AltonSterling 's son speaks about his father's death… https://www. instagram.com/p/BH0HrWngUKo/";;@balleralert;#Repost #AltonSterling;"753319019621543936";https://twitter.com/WPIR984Fm/status/753319019621543936
FrenchBeatsInt;2016-07-13 12:25;0;0;"#racism #hatecrime #altonsterling #innocent #blacklivesmatter #alllivesmatter … https://www. instagram.com/p/BH0DTurgyKl/";;;#racism #hatecrime #altonsterling #innocent #blacklivesmatter #alllivesmatter;"753309378564980736";https://twitter.com/FrenchBeatsInt/status/753309378564980736
PalmTrees_books;2016-07-13 12:18;0;0;"The Art Of The Protest http://www. consciousvanguard.com/blog/2016/2/10 /the-art-of-the-protest …";;;;"753307628017635328";https://twitter.com/PalmTrees_books/status/753307628017635328
reyarturo29;2016-07-13 11:35;0;0;"David Hammons. Pray for America. 1969. #davidhammons #prayforamerica #blacklivesmatter #protest … https://www. instagram.com/p/BHnUxy5hqj4/";;;#davidhammons #prayforamerica #blacklivesmatter #protest;"753296874522742784";https://twitter.com/reyarturo29/status/753296874522742784
NewYorkCP;2016-07-13 08:17;0;0;"Alton Sterling’s 15-year-old son Cameron pleads for peace: "No violence — none whatsoever" http:// nydn.us/29BPfgd";;;;"753246899180703744";https://twitter.com/NewYorkCP/status/753246899180703744
NewYorkCP;2016-07-12 17:56;0;0;"Baton Rouge police bust plot to kill cops in retaliation for Alton Sterling shooting http:// nydn.us/29CVYK3";;;;"753030218185515008";https://twitter.com/NewYorkCP/status/753030218185515008
SquareSlam;2016-07-12 17:22;1;1;""If people will walk a mile for a Zewbat, then maybe they will walk a mile in protest ." --Daniel… https://www. instagram.com/p/BHyAgDhDPeQ/";;;;"753021730940215296";https://twitter.com/SquareSlam/status/753021730940215296
_pamela_garcia_;2016-07-12 16:52;0;0;"Number of arrest amongst protesters rises as they rally for justice in the death of many like #PhilandoCastile #AltonSterling #SandraBland";;;#PhilandoCastile #AltonSterling #SandraBland;"753014257986506752";https://twitter.com/_pamela_garcia_/status/753014257986506752
brycexanthony;2016-07-12 16:02;0;0;"walked out to an impromptu protest directly in front of the venue @Skylight Clarkson Sq https://www. instagram.com/p/BHx3WZmDrEp/";;@Skylight;;"753001608083013634";https://twitter.com/brycexanthony/status/753001608083013634
MothDustPhoto;2016-07-12 09:56;0;0;"Found the day after news on #altonsterling broke @Bushwick, Brooklyn https://www. instagram.com/p/BHxNfG6j-Wl/";;@Bushwick;#altonsterling;"752909548000800768";https://twitter.com/MothDustPhoto/status/752909548000800768
saridelmar;2016-07-12 06:00;0;1;"You can kill the protestor, but you can't kill the protest . You can murder the rebel, you can't… https://www. instagram.com/p/BHwyduDjmsc/";;;;"752850126452948992";https://twitter.com/saridelmar/status/752850126452948992
topix_nyc;2016-07-11 21:25;0;0;"Hundreds arrested as protests continue over shooting deaths of Alton Sterling and Philando Castile http:// bit.ly/29Md9rL";;;;"752720573470355456";https://twitter.com/topix_nyc/status/752720573470355456
maguiresteele;2016-07-11 20:40;0;0;"@common shouts out #altonsterling in his rendition of #LoveIs #howbeautifullovecanbe … https://www. instagram.com/p/BHvxTasgJF8/";;@common;#altonsterling #LoveIs #howbeautifullovecanbe;"752709233666322432";https://twitter.com/maguiresteele/status/752709233666322432
Omo_Osun1;2016-07-11 18:27;0;1;"Peaceful protest in the park collaborating with the boys in blue @… https://www. instagram.com/p/BHvjLjuBpJom mHP7TYSPYcDd_xCzpSuOdef5bM0/ …";;@;;"752675782674092032";https://twitter.com/Omo_Osun1/status/752675782674092032
aczhang0;2016-07-11 17:39;0;0;"Manhattanhenge and BLM protest . (@Union Square Park - @nycparks in New York, NY) https://www. swarmapp.com/c/8kAF853tWCq";;@Union @nycparks;;"752663554914971648";https://twitter.com/aczhang0/status/752663554914971648
NewYorkCP;2016-07-11 15:11;0;0;"Man who witnessed Alton Sterling’s death sues Baton Rouge police for stealing video http:// nydn.us/29wx0J2";;;;"752626302474080256";https://twitter.com/NewYorkCP/status/752626302474080256
JamilSmith;2016-07-11 12:00;22;14;"The man who first posted the Alton Sterling police shooting online was detained by law enforcement soon thereafter. http:// pocket.co/sMpGdv";;;;"752578321637003264";https://twitter.com/JamilSmith/status/752578321637003264
__MostWanted_;2016-07-11 10:08;0;3;"Tomorrow , City Hall Paterson NJ will be having the 2nd Protest for #blacklivesmatter the first… https://www. instagram.com/p/BHupbVBgz22/";;;#blacklivesmatter;"752550103760666624";https://twitter.com/__MostWanted_/status/752550103760666624
_monicajorge;2016-07-11 06:34;0;0;"A woman raises her fist during a protest through Manhattan on Sunday following the police… https://www. instagram.com/p/BHuRicVjxcn/";;;;"752496246150012928";https://twitter.com/_monicajorge/status/752496246150012928
icarusgray;2016-07-11 02:00;0;1;"Alton Sterling, Philando Castile, and Black Lives Matter - No Rhyme Or Reason Podcast - Episode 26 http://www. otmmg.com/nror/episode26";;;;"752427392690483200";https://twitter.com/icarusgray/status/752427392690483200
iveymichele;2016-07-10 22:19;0;0;"Completely took the focus off of #philandocastile and #altonsterling ... Some people are… https://www. instagram.com/p/BHtY6qUBHwa/";;;#philandocastile #altonsterling;"752371737552039936";https://twitter.com/iveymichele/status/752371737552039936
Eliseswain;2016-07-10 19:28;0;2;"Last night. #NYC #BLACKLIVESMATTER #enoughisenough #SAYTHEIRNAMES #delrawnsmall #altonsterling … https://www. instagram.com/p/BHtFYa-Atbi/";;;#NYC #BLACKLIVESMATTER #enoughisenough #SAYTHEIRNAMES #delrawnsmall #altonsterling;"752328775434657792";https://twitter.com/Eliseswain/status/752328775434657792
aczhang0;2016-07-10 18:10;0;1;"Playing Pokemon GO and viewing a Jesus demonstration/ protest . (@Union Square Park - @nycparks in New York, NY) https://www. swarmapp.com/c/gDu2kcHSpSd";;@Union @nycparks;;"752308961307664384";https://twitter.com/aczhang0/status/752308961307664384
CatchGifUCan;2016-07-10 16:18;1;0;"Benefit concert for the Broadway Community to raise funds for Alton Sterling and Philando Castile's families.... https://www. swarmapp.com/c/8N8QpzqCPKv";;;;"752280802101227521";https://twitter.com/CatchGifUCan/status/752280802101227521
cuntspiracyp;2016-07-10 15:49;1;0;"@90sfeminist has been organizing the #SpeakUpSpeakOut protest in various cities around the US.… https://www. instagram.com/p/BHssU6vjbdp/";;@90sfeminist;#SpeakUpSpeakOut;"752273692378460160";https://twitter.com/cuntspiracyp/status/752273692378460160
MrMecc;2016-07-10 14:50;0;0;"No other word for it... #PhilandoCastile #AltonSterling #BlackLivesMatter #HappySunday @Fort… https://www. instagram.com/p/BHslehcBrWo/";;@Fort;#PhilandoCastile #AltonSterling #BlackLivesMatter #HappySunday;"752258620201455616";https://twitter.com/MrMecc/status/752258620201455616
NewYorkCP;2016-07-10 14:13;0;0;"JUST IN: BlackLivesMatter leader deray mckesson released after arrest in Baton Rouge protest http:// nydn.us/29Gth1d";;;;"752249334171709440";https://twitter.com/NewYorkCP/status/752249334171709440
bclorio;2016-07-10 13:53;0;0;"PHOTO: #blacklivesmatter Protest . Paterson, NJ. ( @zellieimani leading chant) #nj @Paterson… https://www. instagram.com/p/BHset2TDwvd/";;@zellieimani @Paterson;#blacklivesmatter #nj;"752244317666832385";https://twitter.com/bclorio/status/752244317666832385
bclorio;2016-07-10 13:45;14;10;"VIDEO: #blacklivesmatter Protest . Paterson, New Jersey. @Paterson City Hall https://www. instagram.com/p/BHsdy7NDIfx/";;@Paterson;#blacklivesmatter;"752242427168190464";https://twitter.com/bclorio/status/752242427168190464
bclorio;2016-07-10 13:10;0;1;"PHOTO:. #blacklivesmatter Protest . Paterson, New Jersey. #nj @Paterson City Hall https://www. instagram.com/p/BHsZhjijUVU/";;@Paterson;#blacklivesmatter #nj;"752233496903573504";https://twitter.com/bclorio/status/752233496903573504
bclorio;2016-07-10 12:50;0;1;"PHOTO:. #blacklivesmatter Protest In Paterson, NJ #nj @Paterson City Hall https://www. instagram.com/p/BHsWiiXjBG4/";;@Paterson;#blacklivesmatter #nj;"752228582290776066";https://twitter.com/bclorio/status/752228582290776066
bclorio;2016-07-10 12:47;2;2;"PHOTO: #blacklivesmatter Protest . Paterson, New Jersey. #nj @Paterson City Hall https://www. instagram.com/p/BHsXR7IDVjm/";;@Paterson;#blacklivesmatter #nj;"752227870274125824";https://twitter.com/bclorio/status/752227870274125824
stefpix;2016-07-10 12:35;0;1;"#usrepresentative #congresswoman #carolynmaloney #protest #bushwickinletpark #downpour … https://www. instagram.com/p/BHsWFFaBkeR/";;;#usrepresentative #congresswoman #carolynmaloney #protest #bushwickinletpark #downpour;"752224764312170496";https://twitter.com/stefpix/status/752224764312170496
santanaxsankofa;2016-07-10 11:53;2;0;"#BlackLivesMatter #AltonSterling #PhilanoCastile demonstration @Union Square. Come through if… https://www. instagram.com/p/BHsRNlbBKSi/";;@Union;#BlackLivesMatter #AltonSterling #PhilanoCastile;"752214058611290112";https://twitter.com/santanaxsankofa/status/752214058611290112
deneyterrio;2016-07-10 11:05;0;0;"Black Lives Matter protest - Union Square July 7, 2016 #streetphotographynewyork … https://www. instagram.com/p/BHsLxGfDuz9/";;;#streetphotographynewyork;"752202081377845248";https://twitter.com/deneyterrio/status/752202081377845248
bclorio;2016-07-10 09:41;0;0;"PHOTO:. #blacklivesmatter Protest In Newark, New Jersey. #nj @Newark City Hall https://www. instagram.com/p/BHr2wTMDv8y/";;@Newark;#blacklivesmatter #nj;"752181045475311616";https://twitter.com/bclorio/status/752181045475311616
laquanndawsonjr;2016-07-10 09:15;1;0;"17: The Protest http://www. laquanndawson.com/lackwhen/2016/ 7/10/the-protest …";;;;"752174325218828288";https://twitter.com/laquanndawsonjr/status/752174325218828288
MrMecc;2016-07-10 09:02;0;1;"Add #DylannRoof to this list... #AltonSterling #PhilandoCastile #BlackLivesMatter @Flatbush… https://www. instagram.com/p/BHr9th8Bfor/";;@Flatbush;#DylannRoof #AltonSterling #PhilandoCastile #BlackLivesMatter;"752171175019573248";https://twitter.com/MrMecc/status/752171175019573248
NewYorkCP;2016-07-10 08:04;0;0;"Black Lives Matter activist DeRay Mckesson arrested while streaming Baton Rouge protest http:// nydn.us/29Axhy3";;;;"752156457890516992";https://twitter.com/NewYorkCP/status/752156457890516992
tiffini_j;2016-07-10 07:42;0;0;"No your rights. #philandocastile #altonsterling #blacklivesmatter #kings #queens #stayalive … https://www. instagram.com/p/BHr0jRcAlmh/";;;#philandocastile #altonsterling #blacklivesmatter #kings #queens #stayalive;"752151027563061248";https://twitter.com/tiffini_j/status/752151027563061248
FuKeith;2016-07-10 06:23;0;1;"I got my sign I'm ready to protest . @New York, New York https://www. instagram.com/p/BHrrfWOAJY1/";;@New;;"752131101817237504";https://twitter.com/FuKeith/status/752131101817237504
meshaestudios;2016-07-09 21:56;1;1;""Hands up, don't shoot." #blacklivesmatter #altonsterling #philandocastile #blm #ericgarner @… https://www. instagram.com/p/BHqxghPglXZ/";;@;#blacklivesmatter #altonsterling #philandocastile #blm #ericgarner;"752003599337676800";https://twitter.com/meshaestudios/status/752003599337676800
meshaestudios;2016-07-09 21:51;0;1;"Black Lives Matter Protesters Clash with Cops in Union Square #blacklivesmatter #altonsterling … https://www. instagram.com/p/BHqw3nvA5GW/";;;#blacklivesmatter #altonsterling;"752002193943846912";https://twitter.com/meshaestudios/status/752002193943846912
deseraestage;2016-07-09 21:36;1;1;"#NYPD all decked out in riot gear at the #blacklivesmatter protest . @New York, New York https://www. instagram.com/p/BHqvPh6gQoX/";;@New;#NYPD #blacklivesmatter;"751998616127074304";https://twitter.com/deseraestage/status/751998616127074304
NewYorkCP;2016-07-09 19:54;0;0;"Over a dozen arrested in NYPD road rage shooting protest http:// 7ny.tv/29wk5Ja";;;;"751972761690484736";https://twitter.com/NewYorkCP/status/751972761690484736
elliehoulie;2016-07-09 19:29;0;1;"#BlackLivesMatter protest in #NYC #OnBroadway @New York, New York https://www. instagram.com/p/BHqd_TYg44O/";;@New;#BlackLivesMatter #NYC #OnBroadway;"751966574978949120";https://twitter.com/elliehoulie/status/751966574978949120
bclorio;2016-07-09 19:29;1;1;"PHOTO:. #blacklivesmatter Protest In Newark, NJ @Newark Penn Station (Amtrak/NJ Transit/PATH) https://www. instagram.com/p/BHqDuaKjkMp/";;@Newark;#blacklivesmatter;"751966493861085184";https://twitter.com/bclorio/status/751966493861085184
sophiawallace;2016-07-09 19:22;1;1;"Crossing the Brooklyn Bridge on my way to the #blacklivesmatter protest . @Brooklyn Bridge https://www. instagram.com/p/BHqf4Fjh9xi/";;@Brooklyn;#blacklivesmatter;"751964831842906117";https://twitter.com/sophiawallace/status/751964831842906117
NinaTiari;2016-07-09 18:48;0;0;"No justice, no peace. #altonsterling #philandrocastile #ericgarner #trayvonmartin … https://www. instagram.com/p/BHqb8rIBnKw/";;;#altonsterling #philandrocastile #ericgarner #trayvonmartin;"751956247419580416";https://twitter.com/NinaTiari/status/751956247419580416
stefpix;2016-07-09 18:39;0;0;"#protest #sitin #sleepin #mexicanfamily #familiamexicana #williamsburg #williamsburgresidents … https://www. instagram.com/p/BHqa4tWBVMN/";;;#protest #sitin #sleepin #mexicanfamily #familiamexicana #williamsburg #williamsburgresidents;"751953856569831424";https://twitter.com/stefpix/status/751953856569831424
nferno;2016-07-09 18:36;0;0;""No peace no peace" #protest in the streets @5th Ave, New York City, NY https://www. instagram.com/p/BHqal4SBC5h/";;@5th;#protest;"751953210672164864";https://twitter.com/nferno/status/751953210672164864
AngelBrazier;2016-07-09 17:48;3;1;"#blacklivesmatter #protest going up #Broadway now#riseup #icantbreate #policebrutality … https://www. instagram.com/p/BHqVFgSDOeK/";;;#blacklivesmatter #protest #Broadway #riseup #icantbreate #policebrutality;"751941139691896833";https://twitter.com/AngelBrazier/status/751941139691896833
MothDustPhoto;2016-07-09 17:35;0;0;"#altonsterling vigil in #NYC for @papermagazine #blacklivesmatter http:// bit.ly/29uHejg @… https://www. instagram.com/p/BHqTpDejhFz/";;@papermagazine @;#altonsterling #NYC #blacklivesmatter;"751937921536720896";https://twitter.com/MothDustPhoto/status/751937921536720896
CoreyTeagueOFA;2016-07-09 16:19;0;0;"Come out and join the movement! #wecomeinpeace #PhilandoCastile #AltonSterling #piedmontpark … https://www. instagram.com/p/BHqK6YmhAFw/";;;#wecomeinpeace #PhilandoCastile #AltonSterling #piedmontpark;"751918736186044416";https://twitter.com/CoreyTeagueOFA/status/751918736186044416
bclorio;2016-07-09 15:23;0;1;"#blacklivesmatter Protest In Newark, New Jersey. @Prudential Center https://www. instagram.com/p/BHp-uIQjCzf/";;@Prudential;#blacklivesmatter;"751904553226870787";https://twitter.com/bclorio/status/751904553226870787
megtallon;2016-07-09 15:18;0;0;"folks heading to Times Square for another protest this evening, all over this city I have seen… https://www. instagram.com/p/BHqD9NRARSB/";;;;"751903429186949125";https://twitter.com/megtallon/status/751903429186949125
MrMecc;2016-07-09 14:51;0;0;"Because those are the ones that don't. #PhilandoCastile #AltonSterling #BlackLivesMatter @… https://www. instagram.com/p/BHqA2jnBtiE/";;@;#PhilandoCastile #AltonSterling #BlackLivesMatter;"751896608183234560";https://twitter.com/MrMecc/status/751896608183234560
FrenchBeatsInt;2016-07-09 13:07;1;0;"#racism #hatecrime #altonsterling #innocent #blacklivesmatter #alllivesmatter … https://www. instagram.com/p/BHp07AcAqai/";;;#racism #hatecrime #altonsterling #innocent #blacklivesmatter #alllivesmatter;"751870367480897536";https://twitter.com/FrenchBeatsInt/status/751870367480897536
mel_melo718;2016-07-09 11:58;0;0;"Yo this is too funny I had to repost!! #lol #lmao #funny #jokes #altonsterling @Nostrand Avenue https://www. instagram.com/p/BHptCDKgNfw/";;@Nostrand;#lol #lmao #funny #jokes #altonsterling;"751853017054507010";https://twitter.com/mel_melo718/status/751853017054507010
WPIR984Fm;2016-07-09 11:00;0;1;"djtrapjesus brooklynnnnnnn is in the building #cutforblackpeople #AltonSterling … https://www. instagram.com/p/BHpmXRIgu8z/";;;#cutforblackpeople #AltonSterling;"751838436210925570";https://twitter.com/WPIR984Fm/status/751838436210925570
HannaHerbertson;2016-07-09 09:59;1;3;"#NYC I am marching tonight. Who's down? #BlackLivesMatter #peaceful #march #protest @New York,… https://www. instagram.com/p/BHpfCi7AdpE/";;@New;#NYC #BlackLivesMatter #peaceful #march #protest;"751823225491947520";https://twitter.com/HannaHerbertson/status/751823225491947520
DRAWNSTYLE;2016-07-09 08:25;0;2;"We can talk, protest , but most importantly we can take ACTION. My wife and I attended an… https://www. instagram.com/p/BHpUuJ5DNZm/";;;;"751799558804480000";https://twitter.com/DRAWNSTYLE/status/751799558804480000
deneyterrio;2016-07-09 06:21;0;0;"Black Lives Matter protest July 7, 2016. #streetphotographynewyork … https://www. instagram.com/p/BHpGeeZB1G9/";;;#streetphotographynewyork;"751768236723572736";https://twitter.com/deneyterrio/status/751768236723572736
ArtBachelorette;2016-07-09 04:37;0;0;"We won't forget you. #altonsterling #rg @irpeoples #blacklivesmatter @New York, New York https://www. instagram.com/p/BHo6lpHADdN/";;@irpeoples @New;#altonsterling #rg #blacklivesmatter;"751742089956847616";https://twitter.com/ArtBachelorette/status/751742089956847616
darsh5000;2016-07-08 23:15;0;0;"Someone tagged #AltonSterling on a car in Williamsburg, Brooklyn. What does this accomplish? #BlackLivesMatter pic.twitter.com/Pc37bPD5cJ";;;#AltonSterling #BlackLivesMatter;"751661011803987969";https://twitter.com/darsh5000/status/751661011803987969
tev_tweets;2016-07-08 21:58;0;0;"#DOSOMETHING - What YOU can do NOW for #AltonSterling and #PhilandoCastile http://www. justtev.com/blog/2016/doso mething-altonsterling-philandocastil …";;;#DOSOMETHING #AltonSterling #PhilandoCastile;"751641635935678469";https://twitter.com/tev_tweets/status/751641635935678469
DvineExpression;2016-07-08 21:01;0;1;"This is how I chose to deal with both the murders of #AltonSterling and #PhilandoCastile as well… https://www. instagram.com/p/BHoGbb7jqJX/";;;#AltonSterling #PhilandoCastile;"751627391164964865";https://twitter.com/DvineExpression/status/751627391164964865
KILEATWATER;2016-07-08 20:20;0;0;"Me until there is true equality in this country! credit: @philippraheem #altonsterling … https://www. instagram.com/p/BHoBsBJBC9H/";;@philippraheem;#altonsterling;"751616969430872065";https://twitter.com/KILEATWATER/status/751616969430872065
nijeltaylor;2016-07-08 19:26;0;0;""They are executing black men and women." #UnionSquare #TimeSquare #AltonSterling #louisiana … https://www. instagram.com/p/BHn7kVah-Ox/";;;#UnionSquare #TimeSquare #AltonSterling #louisiana;"751603512597815296";https://twitter.com/nijeltaylor/status/751603512597815296
alexwroblewski;2016-07-08 18:29;0;2;"Demonstrators gathered in Union Square to protest the recent police shootings on Friday, July 8,… https://www. instagram.com/p/BHn09Yfhd8g/";;;;"751588978508173312";https://twitter.com/alexwroblewski/status/751588978508173312
andrerivera801;2016-07-08 17:54;0;0;"NYPD Officers Wave as they being mobilizing for a protest in… https://www. instagram.com/p/BHnw90ZDluyq mKifkE_tu98eGWywPc5XoUJuUw0/ …";;;;"751580222223515648";https://twitter.com/andrerivera801/status/751580222223515648
lmoliva_;2016-07-08 16:58;0;0;"#blacklivesmatter protest comes through Alphabet City @Miss Lillys 7A Cafe https://www. instagram.com/p/BHnqi7ZDzjr/";;@Miss;#blacklivesmatter;"751566127428407296";https://twitter.com/lmoliva_/status/751566127428407296
younghyi;2016-07-08 16:51;0;0;"Today I had so many conversations with others asking why am I going to the protest ? Why am I… https://www. instagram.com/p/BHnpv0hgGuU/";;;;"751564319180152833";https://twitter.com/younghyi/status/751564319180152833
WPIR984Fm;2016-07-08 16:08;0;0;"Sharing is caring #AltonSterling #BlackLivesMatter #CopsDontMatter #WPIRMagazine #WPIR 98.4Fm… https://www. instagram.com/p/BHnk4f-AkkW/";;;#AltonSterling #BlackLivesMatter #CopsDontMatter #WPIRMagazine #WPIR;"751553621934964736";https://twitter.com/WPIR984Fm/status/751553621934964736
theotherclee;2016-07-08 15:04;0;0;"#blacklivesmatter supporters gathered in large numbers to protest the recent killing of African… https://www. instagram.com/p/BHndieQB3fY/";;;#blacklivesmatter;"751537476389380096";https://twitter.com/theotherclee/status/751537476389380096
MrMecc;2016-07-08 13:40;0;0;"Time means nothing. #AltonSterling #PhilandoCastile #BlackLivesMatter @Flatbush Avenue, Brooklyn https://www. instagram.com/p/BHnT8WZBMJV/";;@Flatbush;#AltonSterling #PhilandoCastile #BlackLivesMatter;"751516375437365248";https://twitter.com/MrMecc/status/751516375437365248
NewYorkCP;2016-07-08 12:24;0;0;"NRA sends condolences to Dallas victims, snubs Philando Castile & Alton Sterling's family http:// nydn.us/29wGU0S";;;;"751497123128938496";https://twitter.com/NewYorkCP/status/751497123128938496
DankwaBrooks;2016-07-08 12:08;0;0;"#SpikeLee is posting a ton of pics like this one on his IG from a peaceful protest in #NYC last… https://www. instagram.com/p/BHnJWeyA3mz/";;;#SpikeLee #NYC;"751493080801566720";https://twitter.com/DankwaBrooks/status/751493080801566720
MitchWLerner;2016-07-08 11:39;0;0;"Peaceful protest last night in Times Square. #blacklivesmatter #altonsterling #philandocastile @… https://www. instagram.com/p/BHnGBm8gXFx/";;@;#blacklivesmatter #altonsterling #philandocastile;"751485766069518336";https://twitter.com/MitchWLerner/status/751485766069518336
NewYorkCP;2016-07-08 10:55;0;0;"Man arrested for allegedly elbowing NYPD cop in the forehead during police brutality protest http:// nydn.us/29rdCOt";;;;"751474741869891584";https://twitter.com/NewYorkCP/status/751474741869891584
brooklynwonder;2016-07-08 10:06;0;0;"@ACLU #BlackLivesMatter #PhilandoCastile #AltonSterling @ACLU National Office - New York, NY https://www. instagram.com/p/BHm7dTFDa4u/";;@ACLU @ACLU;#BlackLivesMatter #PhilandoCastile #AltonSterling;"751462528702681088";https://twitter.com/brooklynwonder/status/751462528702681088
Daddii_Is_A_God;2016-07-08 09:12;0;0;"Shes so cutee ughhh i feel bad for the fathers that lost their lives . #altonsterling … https://www. instagram.com/p/BHm1RN3BjZk/";;;#altonsterling;"751448922531377152";https://twitter.com/Daddii_Is_A_God/status/751448922531377152
NewYorkCP;2016-07-08 08:54;0;0;"Trump screwed up major facts in his statement about Philando Castile & Alton Sterling http:// nydn.us/29w5xdV";;;;"751444315633627136";https://twitter.com/NewYorkCP/status/751444315633627136
athenahuang23;2016-07-08 08:50;0;2;"7/7 evening: Hagendazs ice cream give-outs at street corners, with protest for black lives in… https://www. instagram.com/p/BHmyrmTjLVg/";;;;"751443229049032705";https://twitter.com/athenahuang23/status/751443229049032705
MrMecc;2016-07-08 08:28;0;1;"New policy huh? #AltonSterling #PhilandoCastile #BlackLivesMatter @Flatbush Avenue, Brooklyn https://www. instagram.com/p/BHmwMtQh5or/";;@Flatbush;#AltonSterling #PhilandoCastile #BlackLivesMatter;"751437772192231425";https://twitter.com/MrMecc/status/751437772192231425
leo_f_carvalho;2016-07-08 08:11;0;0;"Standing up and fighting against the oppression. At #blacklivesmatter protest , yesterday. #nyc … https://www. instagram.com/p/BHmuQn5BfNR/";;;#blacklivesmatter #nyc;"751433510003486720";https://twitter.com/leo_f_carvalho/status/751433510003486720
Marl0n;2016-07-08 07:22;0;0;"#blacklivesmatter #protest #nyc #timessquare #nojusticenopeace #dontshoot #alstonsterling … https://www. instagram.com/p/BHmoo72g0ZG/";;;#blacklivesmatter #protest #nyc #timessquare #nojusticenopeace #dontshoot #alstonsterling;"751421152409575424";https://twitter.com/Marl0n/status/751421152409575424
pabey;2016-07-08 07:08;0;0;"#respect #responsibility #wecandobetter #AltonSterling … https://www. instagram.com/p/BHmnB-RgRKeQ gseVlbFp92PP88zu8TGI2qzICg0/ …";;;#respect #responsibility #wecandobetter #AltonSterling;"751417608126234624";https://twitter.com/pabey/status/751417608126234624
NewYorkCP;2016-07-08 07:07;0;0;"Baton Rouge cops in the AltonSterling video had four complaints from black residents http:// nydn.us/29qHvyb";;;;"751417343255777281";https://twitter.com/NewYorkCP/status/751417343255777281
AZPNYC;2016-07-08 06:29;0;0;"New York City Photojournalism: 'Black Lives Matter Protest in Times Square' Poster/placard… https://www. instagram.com/p/BHmilNvhfbT/";;;;"751407829366419457";https://twitter.com/AZPNYC/status/751407829366419457
deneyterrio;2016-07-08 05:54;0;0;"Black Lives Matter protest - Union Square NYC July 7, 2016 #streetphotographynewyork … https://www. instagram.com/p/BHmekD3DiTk/";;;#streetphotographynewyork;"751398989317152768";https://twitter.com/deneyterrio/status/751398989317152768
WINSargeant;2016-07-08 05:50;0;0;"I understand that we are all frustrated, but there's no reason to take a lives to protest about… https://www. instagram.com/p/BHmeID0j6oy/";;;;"751398026728599552";https://twitter.com/WINSargeant/status/751398026728599552
IMF_MALLOY145;2016-07-08 04:31;0;0;"DL Hughley #blacklivesmatter #altonsterling #batonrouge #falconheights #philandocastile … https://www. instagram.com/p/BHmVGhXjEk2/";;;#blacklivesmatter #altonsterling #batonrouge #falconheights #philandocastile;"751378183581229056";https://twitter.com/IMF_MALLOY145/status/751378183581229056
IMF_MALLOY145;2016-07-08 04:22;0;0;"Silence is acceptance ... #blacklivesmatter #altonsterling #batonrouge #falconheights … https://www. instagram.com/p/BHmUEYKDZ33/";;;#blacklivesmatter #altonsterling #batonrouge #falconheights;"751375911027605504";https://twitter.com/IMF_MALLOY145/status/751375911027605504
IMF_MALLOY145;2016-07-08 04:09;0;0;"Snipers shoot police during protest in #dallas #blacklivesmatter #batonrouge … https://www. instagram.com/p/BHmSjVYDioX/";;;#dallas #blacklivesmatter #batonrouge;"751372576568537091";https://twitter.com/IMF_MALLOY145/status/751372576568537091
NewYorkCP;2016-07-08 01:23;0;0;"Brent Thompson, 43, one of at least five officers killed in the shooting at Dallas protest http:// nydn.us/29mPaNe";;;;"751330768744353792";https://twitter.com/NewYorkCP/status/751330768744353792
NewYorkCP;2016-07-08 00:33;0;0;"Fifth police officer dies following shooting at Dallas protest http:// nydn.us/29t1Lmm";;;;"751318336378593280";https://twitter.com/NewYorkCP/status/751318336378593280
ntracy82;2016-07-08 00:33;0;0;"I feel the same way @iamcardib ! #altonsterling @East New York,… https://www. instagram.com/p/BHl53Pkg7BmO vcNafDvQt_ovoVwC7MVesxksMY0/ …";;@iamcardib @East;#altonsterling;"751318314689957889";https://twitter.com/ntracy82/status/751318314689957889
ValerieComplex;2016-07-08 00:25;1;6;"White ppl who love & appropriate black culture, where are u in this dire time? the culture vultures r quiet #AltonSterling #PhiladoCastile";;;#AltonSterling #PhiladoCastile;"751316145878208512";https://twitter.com/ValerieComplex/status/751316145878208512
tonymayes;2016-07-07 22:55;0;0;"Tonight in #Harlem #blacklivesmatter #protest #takeaction @New York City, Harlem https://www. instagram.com/p/BHluoFwjQU-/";;@New;#Harlem #blacklivesmatter #protest #takeaction;"751293575682547712";https://twitter.com/tonymayes/status/751293575682547712
TheOnlyArcher;2016-07-07 22:37;0;0;"#AltonSterling , say his name @Harlem https://www. instagram.com/p/BHlslLDgpyX/";;@Harlem;#AltonSterling;"751289076645556224";https://twitter.com/TheOnlyArcher/status/751289076645556224
TheOnlyArcher;2016-07-07 22:29;0;0;"This protest was making it's way across 125th Street when I received an alert about snipers… https://www. instagram.com/p/BHlrqaYghB_/";;;;"751287056039604224";https://twitter.com/TheOnlyArcher/status/751287056039604224
talibandre;2016-07-07 22:09;0;0;"#WeShallNeverForget #altonsterling #philandocastile @Sugar… https://www. instagram.com/p/BHlpaheBT_p0 meMVJRe2fhxL_O1h-oB4emi79U0/ …";;@Sugar;#WeShallNeverForget #altonsterling #philandocastile;"751282115858173952";https://twitter.com/talibandre/status/751282115858173952
MaryeDeanEsq;2016-07-07 22:04;0;0;"People die.. People march.. But Big Brother is always watching from above. #timesquare #protest … https://www. instagram.com/p/BHlo2UzjUXl/";;;#timesquare #protest;"751280869906624513";https://twitter.com/MaryeDeanEsq/status/751280869906624513
NewYorkCP;2016-07-07 22:04;0;0;"4 officers have died in the shooting following Dallas protest http:// nyp.st/29qMRPm";;;;"751280709315076098";https://twitter.com/NewYorkCP/status/751280709315076098
NewYorkCP;2016-07-07 22:04;0;0;"Fourth police officer dies, seven others wounded in shooting at Dallas protest http:// nydn.us/29lRdSg";;;;"751280704340652035";https://twitter.com/NewYorkCP/status/751280704340652035
nikitachiquita_;2016-07-07 21:50;0;0;"say their names, and shut it down #AltonSterling #PhilandoCastile @Union Square Park https://www. instagram.com/p/BHle-91goqe/";;@Union;#AltonSterling #PhilandoCastile;"751277178050928641";https://twitter.com/nikitachiquita_/status/751277178050928641
NewYorkCP;2016-07-07 21:14;0;0;"Police chief says it appears "snipers" shot 10 officers from "elevated positions' during Dallas protest http:// 4.nbcny.com/TcIHa4W";;;;"751268127283961857";https://twitter.com/NewYorkCP/status/751268127283961857
NewYorkCP;2016-07-07 21:14;0;0;"Three officers dead, seven other cops shot at Dallas protest http:// nydn.us/29uMiBz";;;;"751268121210523649";https://twitter.com/NewYorkCP/status/751268121210523649
NewYorkCP;2016-07-07 20:58;0;0;"At least three officers shot at anti-police brutality protest in Dallas. http:// nydn.us/29TupdY";;;;"751264087623950336";https://twitter.com/NewYorkCP/status/751264087623950336
DarlingCait;2016-07-07 20:42;0;1;"#AltonSterling is the 558th human being out of 566 lives who have been murdered extrajudicially… https://www. instagram.com/p/BHlfdH2BRBz/";;;#AltonSterling;"751260216948174849";https://twitter.com/DarlingCait/status/751260216948174849
jlcruz06;2016-07-07 20:32;0;0;"This is so sad.. They are also having the same protest here at… https://www. instagram.com/p/BHleOpthr4iq Y4eerA8ui5mGOOD3uVT_WAtWr00/ …";;;;"751257521570979841";https://twitter.com/jlcruz06/status/751257521570979841
tinydaniela;2016-07-07 20:28;1;1;"This. #PhilandoCastile #DelrawnSmall #AltonSterling #blacklivesmatter @Times Square https://www. instagram.com/p/BHldz4JggEZ/";;@Times;#PhilandoCastile #DelrawnSmall #AltonSterling #blacklivesmatter;"751256594722226176";https://twitter.com/tinydaniela/status/751256594722226176
gmitch06;2016-07-07 20:25;0;0;"#injustice #travonmartin #michaelbrown #sandrabland #philandocastile #altonsterling #ninasimone … https://www. instagram.com/p/BHlderiD8h2/";;;#injustice #travonmartin #michaelbrown #sandrabland #philandocastile #altonsterling #ninasimone;"751255875336142852";https://twitter.com/gmitch06/status/751255875336142852
KelvMan1219;2016-07-07 20:22;0;0;"#blacklivesmatter #handsupdontshoot #altonsterling #philondocastile @New York, New York https://www. instagram.com/p/BHldIc6BNSz/";;@New;#blacklivesmatter #handsupdontshoot #altonsterling #philondocastile;"751255109686824960";https://twitter.com/KelvMan1219/status/751255109686824960
CELIAMENDOZA25;2016-07-07 20:19;0;1;"Protesters take over streets of #newyork #blacklivesmatter #altonsterling #philandocastile … https://www. instagram.com/p/BHlczYZjfbA/";;;#newyork #blacklivesmatter #altonsterling #philandocastile;"751254383539720192";https://twitter.com/CELIAMENDOZA25/status/751254383539720192
apfel_sarah;2016-07-07 20:11;0;3;"@chrislhayes @BlueTeam007 "IF" ? No "if"s" about it. #PhilandoCastille #AltonSterling #BlackLivesMatter";;@chrislhayes @BlueTeam007;#PhilandoCastille #AltonSterling #BlackLivesMatter;"751252406613241857";https://twitter.com/apfel_sarah/status/751252406613241857
b_boogey_xl;2016-07-07 20:08;0;0;"Shutdown Times Square #nofilter #BlackLivesMatter #protest #altonsterling #philandocastile … https://www. instagram.com/p/BHlbe1ZDt9a/";;;#nofilter #BlackLivesMatter #protest #altonsterling #philandocastile;"751251475385450497";https://twitter.com/b_boogey_xl/status/751251475385450497
kdog24life;2016-07-07 20:07;1;1;"#protest right now in #timesquare @W New York - Times Square https://www. instagram.com/p/BHlbalCjr-85 N5EY2t6fBQk2DJ1U41mEPMoa5A0/ …";;@W;#protest #timesquare;"751251332389101568";https://twitter.com/kdog24life/status/751251332389101568
J_M_Woods;2016-07-07 19:59;0;0;"Had to repost from the bro @JW00DZ Repost from @JW00DZ using repostregramapp - #altonsterling … https://www. instagram.com/p/BHlai-bjqVA/";;@JW00DZ @JW00DZ;#altonsterling;"751249420990152705";https://twitter.com/J_M_Woods/status/751249420990152705
NewYorkCP;2016-07-07 19:51;0;0;"Dallas ABC affiliate reports shots fired during protest over police shootings, officer down http:// 7ny.tv/29rbk46";;;;"751247230414184448";https://twitter.com/NewYorkCP/status/751247230414184448
NewYorkCP;2016-07-07 19:51;0;0;"Two officers shot at protest in downtown Dallas http:// nydn.us/29lGUxy";;;;"751247224768565249";https://twitter.com/NewYorkCP/status/751247224768565249
OMGitzbeko;2016-07-07 19:30;0;0;""You serve us" #altonsterling #philandrocastile #nyc #blacklivesmatter @Times Square – 42nd Street https://www. instagram.com/p/BHlXLuojw-1/";;@Times;#altonsterling #philandrocastile #nyc #blacklivesmatter;"751242025345945600";https://twitter.com/OMGitzbeko/status/751242025345945600
sfierri;2016-07-07 19:28;0;0;"Got shut down in traffic by #BlackLivesMatter protest and got to be among some beautiful young souls. good stuff is happening too. #love";;;#BlackLivesMatter #love;"751241562005397505";https://twitter.com/sfierri/status/751241562005397505
Doynyc;2016-07-07 19:27;0;0;"#BlackLivesMatter #protest in #nyc pic.twitter.com/LIIch5nIsI";;;#BlackLivesMatter #protest #nyc;"751241388881215488";https://twitter.com/Doynyc/status/751241388881215488
OMGitzbeko;2016-07-07 19:27;0;0;"The struggle is mutual #philandrocastile #altonsterling #blacklivesmatter … https://www. instagram.com/p/BHlW45RDY_z/";;;#philandrocastile #altonsterling #blacklivesmatter;"751241376822599680";https://twitter.com/OMGitzbeko/status/751241376822599680
andresflava;2016-07-07 19:22;0;0;"Earlier this evening in New York City #altonsterling #philandocastile protests in Times Square @… https://www. instagram.com/p/BHlWS2yAppb/";;@;#altonsterling #philandocastile;"751240094359687169";https://twitter.com/andresflava/status/751240094359687169
OMGitzbeko;2016-07-07 19:19;0;0;"#blacklivesmatter #nyc #altonsterling #philandrocastile #fuckthepolice #fuckthesystem #justice … https://www. instagram.com/p/BHlV33VDt8R/";;;#blacklivesmatter #nyc #altonsterling #philandrocastile #fuckthepolice #fuckthesystem #justice;"751239141808017408";https://twitter.com/OMGitzbeko/status/751239141808017408
OMGitzbeko;2016-07-07 19:13;0;1;"SHUT IT DOWN!! #blacklivesmatter #nyc #altonsterling #philandrocastile nyc.beanz @SierraSantana … https://www. instagram.com/p/BHlVSEwDiAY/";;@SierraSantana;#blacklivesmatter #nyc #altonsterling #philandrocastile;"751237847189946369";https://twitter.com/OMGitzbeko/status/751237847189946369
kpnel2;2016-07-07 19:13;0;0;"My exact mood when I set down late last night to write my column, " #AltonSterling ." To hear my… https://www. instagram.com/p/BHlVPgmhOT-/";;;#AltonSterling;"751237761726767104";https://twitter.com/kpnel2/status/751237761726767104
MaryeDeanEsq;2016-07-07 19:10;0;0;"#timesquare #protest #blacklivesmatter #thewallstreetlawyerdotcom @W New York - Times Square https://www. instagram.com/p/BHlU8iLjYUD/";;@W;#timesquare #protest #blacklivesmatter #thewallstreetlawyerdotcom;"751237102432583680";https://twitter.com/MaryeDeanEsq/status/751237102432583680
b_boogey_xl;2016-07-07 19:05;0;1;"No Justice, No Peace #BlackLivesMatter #nyc #timessquare #nojusticenopeace #justice #protest … https://www. instagram.com/p/BHlUW0nDqLx/";;;#BlackLivesMatter #nyc #timessquare #nojusticenopeace #justice #protest;"751235809882374144";https://twitter.com/b_boogey_xl/status/751235809882374144
nijeltaylor;2016-07-07 19:03;0;0;""We are human" Photo credit: heylizzieharris #UnionSquare #TimeSquare #AltonSterling … https://www. instagram.com/p/BHlUFtOB9wM/";;;#UnionSquare #TimeSquare #AltonSterling;"751235223229042688";https://twitter.com/nijeltaylor/status/751235223229042688
deneyterrio;2016-07-07 18:51;1;0;"Yes you do #blacklivesmatter #unionsquare #unionsquarepark #protest @Union Square Park https://www. instagram.com/p/BHlSuI4j4FX/";;@Union;#blacklivesmatter #unionsquare #unionsquarepark #protest;"751232210276118528";https://twitter.com/deneyterrio/status/751232210276118528
THEMAJESTIRIUM1;2016-07-07 18:44;0;0;""ALL HELL BREAKS LOOSE AT ANTI-POLICE PROTEST IN MIDTOWN MANHATTAN".… https://www. instagram.com/p/BHlR4n0D7ext BSP_kcKOyw69m_LOd5M3MgM34Q0/ …";;;;"751230373363871744";https://twitter.com/THEMAJESTIRIUM1/status/751230373363871744
lawgirl821;2016-07-07 18:38;0;1;"We're out here. Protesting. #blacklivesmatter #altonsterling #philandocastile #stopkillingus @… https://www. instagram.com/p/BHlQNFaBuAI/";;@;#blacklivesmatter #altonsterling #philandocastile #stopkillingus;"751228839133483009";https://twitter.com/lawgirl821/status/751228839133483009
leahshafer1;2016-07-07 18:37;0;0;"If I could March I would!! Here in NYC PHOTO from hotel rooms. People take part in a protest … https://www. instagram.com/p/BHlRJMuAjK-/";;;;"751228740181647361";https://twitter.com/leahshafer1/status/751228740181647361
yeacallmeLU;2016-07-07 18:34;0;0;"RepostBy @openlabmagazine : "Four lives taken in 48 hours. #AltonSterling #PhilandoCastile … https://www. instagram.com/p/BHlQykijw1y/";;@openlabmagazine;#AltonSterling #PhilandoCastile;"751227964042334209";https://twitter.com/yeacallmeLU/status/751227964042334209
andresflava;2016-07-07 18:30;0;0;"#altonsterling #philandocastile protests in nyc @Times Square, New York City https://www. instagram.com/p/BHlQVOGgM9T/";;@Times;#altonsterling #philandocastile;"751226954695766016";https://twitter.com/andresflava/status/751226954695766016
simeonkguss;2016-07-07 18:30;0;1;"Protest in Times Square #42ndStreet #AltonSterling #PhilandoCastile #PoliceShootings #Protest … https://www. instagram.com/p/BHlQQ_3hNYV/";;;#42ndStreet #AltonSterling #PhilandoCastile #PoliceShootings #Protest;"751226814240960512";https://twitter.com/simeonkguss/status/751226814240960512
BendOverBarbie;2016-07-07 18:25;0;0;""Traitor! Traitor! Traitor!" When you unintentionally get caught on the wrong side of a protest … https://www. instagram.com/p/BHlPv3ZhBpa/";;;;"751225680008851456";https://twitter.com/BendOverBarbie/status/751225680008851456
cybergrrl;2016-07-07 18:14;0;0;"Times Square tonight after #blacklivesmatter protest @New York, New York https://www. instagram.com/p/BHlOfo_DNDu/";;@New;#blacklivesmatter;"751222915904012292";https://twitter.com/cybergrrl/status/751222915904012292
apfel_sarah;2016-07-07 18:12;0;1;"@myalibu Went to the protest today but didn't do the whole march. Think they're still tying up Times Sq - hope so.";;@myalibu;;"751222454622773248";https://twitter.com/apfel_sarah/status/751222454622773248
DoUWannaMove;2016-07-07 18:12;1;4;"#unionsquare #AltonSterling #philandocastile @Union Square Park https://www. instagram.com/p/BHlORWhA5HX/";;@Union;#unionsquare #AltonSterling #philandocastile;"751222423823982592";https://twitter.com/DoUWannaMove/status/751222423823982592
thebossofyou;2016-07-07 18:09;0;1;"#alton @Union Square Park https://www. instagram.com/p/BHlN9-EBIsA/";;@Union;#alton;"751221761752969216";https://twitter.com/thebossofyou/status/751221761752969216
MCAGrant;2016-07-07 18:02;0;0;"#Repost @iamirronheart with repostapp ・・・ RIP Alton & God give his family strenght and Justice,… https://www. instagram.com/p/BHlNGImBJP6/";;@iamirronheart;#Repost;"751219842884050944";https://twitter.com/MCAGrant/status/751219842884050944
MCAGrant;2016-07-07 18:00;0;0;"dumpster_chic with repostapp ・・・ ALL Lives Matter protest in NYC. #oprah #timeoutnewyork … https://www. instagram.com/p/BHlM4Q2BxuQ/";;;#oprah #timeoutnewyork;"751219366549532672";https://twitter.com/MCAGrant/status/751219366549532672
sethwebster;2016-07-07 17:48;1;3;"#BlackLivesMatter protest , crowd gathering at Union Square in #NewYork #CNNiReport pic.twitter.com/6KRz3V8VkO";;;#BlackLivesMatter #NewYork #CNNiReport;"751216315784892416";https://twitter.com/sethwebster/status/751216315784892416
therealMillie21;2016-07-07 17:48;0;1;"#altonsterling another #brokenhome @New Jersey Turnpike https://www. instagram.com/p/BHlLfQ8AMt8R Tk6W2ibdsQXF-8Ly_vNtgpPC0g0/ …";;@New;#altonsterling #brokenhome;"751216305085222912";https://twitter.com/therealMillie21/status/751216305085222912
KalaMendoza;2016-07-07 17:42;0;0;"#SayTheirNames #AltonSterling #PhilandoCastile #DelrawnSmall #BlackLivesMatter Poster By:… https://www. instagram.com/p/BHlKzKSBewN/";;;#SayTheirNames #AltonSterling #PhilandoCastile #DelrawnSmall #BlackLivesMatter;"751214793206304768";https://twitter.com/KalaMendoza/status/751214793206304768
creyesnyc;2016-07-07 17:41;0;0;"#blacklivesmatter #protest #unionsquare #newyorkcity #standup for the injustice being done! I'm… https://www. instagram.com/p/BHlKwfcjMFZ/";;;#blacklivesmatter #protest #unionsquare #newyorkcity #standup;"751214699061075968";https://twitter.com/creyesnyc/status/751214699061075968
LesleySteele_;2016-07-07 17:41;0;0;"Very important. #AltonSterling #blacklivesmatter @New York, New York https://www. instagram.com/p/BHlKqwSgcm4/";;@New;#AltonSterling #blacklivesmatter;"751214517737185282";https://twitter.com/LesleySteele_/status/751214517737185282
KalaMendoza;2016-07-07 17:40;0;0;"#SayTheirNames #AltonSterling #PhilandoCastile #DelrawnSmall #BlackLivesMatter @Times Square,… https://www. instagram.com/p/BHlKiOyB1Fd/";;@Times;#SayTheirNames #AltonSterling #PhilandoCastile #DelrawnSmall #BlackLivesMatter;"751214214186881024";https://twitter.com/KalaMendoza/status/751214214186881024
mad_drafting;2016-07-07 17:38;0;0;"Protest in Times Square #blacklivesmatter @Times Square, New York… https://www. instagram.com/p/BHlKXG-gLgh1 ZQoH2pPf6IDtdYCeUkRQKW6uw40/ …";;@Times;#blacklivesmatter;"751213871508164608";https://twitter.com/mad_drafting/status/751213871508164608
GeorgeVala;2016-07-07 17:34;0;0;"Found myself right in the middle of a massive protest march this evening in Manhattan for… https://www. instagram.com/p/BHlJ0C0g_V7/";;;;"751212810252804096";https://twitter.com/GeorgeVala/status/751212810252804096
KalaMendoza;2016-07-07 17:28;0;0;"#SayTheirNames #AltonSterling #PhilandoCastile #DelrawnSmall #BlackLivesMatter @Manhattan, New… https://www. instagram.com/p/BHlJQOMBQSQ/";;@Manhattan;#SayTheirNames #AltonSterling #PhilandoCastile #DelrawnSmall #BlackLivesMatter;"751211394729537536";https://twitter.com/KalaMendoza/status/751211394729537536
KalaMendoza;2016-07-07 17:26;1;1;"#SayTheirNames #AltonSterling #PhilandoCastile #BlackLivesMatter #NYC @Port Authority Bus Terminal https://www. instagram.com/p/BHlI830hzmE/";;@Port;#SayTheirNames #AltonSterling #PhilandoCastile #BlackLivesMatter #NYC;"751210730729246725";https://twitter.com/KalaMendoza/status/751210730729246725
michellevelyna;2016-07-07 17:25;0;2;"#blacklivesmatter #altonsterling #philandocastile @New York, New York https://www. instagram.com/p/BHlI2NlBp3W/";;@New;#blacklivesmatter #altonsterling #philandocastile;"751210501816750080";https://twitter.com/michellevelyna/status/751210501816750080
CHiCpeaJC;2016-07-07 17:24;0;1;""They are killing our brothers, our fathers, our sons..." Black lives matter protest in front of… https://www. instagram.com/p/BHlIrRnAlTw/";;;;"751210197889257472";https://twitter.com/CHiCpeaJC/status/751210197889257472
KalaMendoza;2016-07-07 17:22;0;0;"#SayTheirNames #AltonSterling #PhilandoCastile #BlackLivesMatter Poster By: @wm_amnesty @Times… https://www. instagram.com/p/BHlIfrxByTb/";;@wm_amnesty @Times;#SayTheirNames #AltonSterling #PhilandoCastile #BlackLivesMatter;"751209725698543616";https://twitter.com/KalaMendoza/status/751209725698543616
KalaMendoza;2016-07-07 17:21;0;0;"#SayTheirNames #AltonSterling #PhilandoCastile #BlackLivesMatter Poster By: @wm_amnesty @Times… https://www. instagram.com/p/BHlIXiUh0JK/";;@wm_amnesty @Times;#SayTheirNames #AltonSterling #PhilandoCastile #BlackLivesMatter;"751209448778063873";https://twitter.com/KalaMendoza/status/751209448778063873
KalaMendoza;2016-07-07 17:20;0;0;"#SayTheirNames #AltonSterling #PhilandoCastile #BlackLivesMatter Poster By: @wm_amnesty @Times… https://www. instagram.com/p/BHlISXwBEzB/";;@wm_amnesty @Times;#SayTheirNames #AltonSterling #PhilandoCastile #BlackLivesMatter;"751209270104854528";https://twitter.com/KalaMendoza/status/751209270104854528
Woodsy1069;2016-07-07 17:19;0;2;"Anti violence protest in #nyc in Times Square right now @Times… https://www. instagram.com/p/BHlIPZ6BhtCW wANbcpMrdyeAEXd2E9Ejm3FzEE0/ …";;@Times;#nyc;"751209178895556608";https://twitter.com/Woodsy1069/status/751209178895556608
KOF_LOAF;2016-07-07 17:08;0;0;"Views #altonsterling #philandocastile #blacklivesmatter #riseup @Midtown Manhattan https://www. instagram.com/p/BHlG79xhvHO/";;@Midtown;#altonsterling #philandocastile #blacklivesmatter #riseup;"751206300185341952";https://twitter.com/KOF_LOAF/status/751206300185341952
NewYorkCP;2016-07-07 17:02;1;0;"UNION SQUARE: Hundreds gather to protest cop killings of AltonSterling , PhilandoCastile http:// nydn.us/29ymZyY";;;;"751204707624841216";https://twitter.com/NewYorkCP/status/751204707624841216
JeffreyBMann;2016-07-07 16:53;0;0;"Times Square locked down #sitin #rally #altonsterling … https://www. instagram.com/p/BHlFQNAhTFdK -i4A5vtQ-jKgSzYbxJNoqfSRw40/ …";;;#sitin #rally #altonsterling;"751202598124785664";https://twitter.com/JeffreyBMann/status/751202598124785664
AJELKALLEJERO;2016-07-07 16:53;1;2;"Reporting live. Current situation in #NewYorkCity #TimeSquare #Protest #altonsterling more on my… https://www. instagram.com/p/BHlEnF5gtIL/";;;#NewYorkCity #TimeSquare #Protest #altonsterling;"751202534883205120";https://twitter.com/AJELKALLEJERO/status/751202534883205120
SuzannedNYC;2016-07-07 16:53;0;0;"Finally, Times Square chaos for a really good reason #altonsterling #protest #timessquare @… https://www. instagram.com/p/BHlFKiNDWdP/";;@;#altonsterling #protest #timessquare;"751202399251992576";https://twitter.com/SuzannedNYC/status/751202399251992576
CheloApp;2016-07-07 16:51;0;0;"#blacklivesmatter #protest at #unionsquare . @Union Square Park https://www. instagram.com/p/BHlFChcBgCA/";;@Union;#blacklivesmatter #protest #unionsquare;"751202127180075009";https://twitter.com/CheloApp/status/751202127180075009
simeonkguss;2016-07-07 16:47;0;1;"Protesters March Across 42nd Street #42ndStreet #AltonSterling #PhilandoCastile #PoliceShootings … https://www. instagram.com/p/BHlEf5aBbfs/";;;#42ndStreet #AltonSterling #PhilandoCastile #PoliceShootings;"751200968432185344";https://twitter.com/simeonkguss/status/751200968432185344
yxxrstrxlyy;2016-07-07 16:46;0;0;"Shutting it Down #altonsterling #philandocastile @Times Square, New York City https://www. instagram.com/p/BHlEcsfD6Tb/";;@Times;#altonsterling #philandocastile;"751200826350309376";https://twitter.com/yxxrstrxlyy/status/751200826350309376
divyadivyadivya;2016-07-07 16:42;1;0;"Justice for Alton Sterling and Philando Castile rally. @Union Square Park https://www. instagram.com/p/BHk_2o0ha38/";;@Union;;"751199746161713152";https://twitter.com/divyadivyadivya/status/751199746161713152
BottomDollars;2016-07-07 16:34;0;0;"#blacklivesmatter #altonsterling #philandocastile @Union Square Park https://www. instagram.com/p/BHlDFWzBYUe/";;@Union;#blacklivesmatter #altonsterling #philandocastile;"751197829415079936";https://twitter.com/BottomDollars/status/751197829415079936
lenyon;2016-07-07 16:29;1;0;"Union Square. #AltonSterling #PhilandoCastile @Union Square Park https://www. instagram.com/p/BHlBc43AUSF/";;@Union;#AltonSterling #PhilandoCastile;"751196425715867648";https://twitter.com/lenyon/status/751196425715867648
ericborlaug;2016-07-07 16:27;0;1;"#AltonSterling #PhilandoCastile @Union Square Park https://www. instagram.com/p/BHlCRL5j4-0/";;@Union;#AltonSterling #PhilandoCastile;"751196030348165120";https://twitter.com/ericborlaug/status/751196030348165120
michaeldevellis;2016-07-07 16:26;0;0;"NYC is absolute in our conviction. Black Lives Matter. #blacklivesmatter #altonsterling … https://www. instagram.com/p/BHlCHlyA3LV/";;;#blacklivesmatter #altonsterling;"751195699501465600";https://twitter.com/michaeldevellis/status/751195699501465600
EKGProject;2016-07-07 16:24;0;0;"One Solution: Revolution. #blm #love #loveistheanswer #mikebrown #ALTONSTERLING … https://www. instagram.com/p/BHlB6n4g2JY/";;;#blm #love #loveistheanswer #mikebrown #ALTONSTERLING;"751195254838222848";https://twitter.com/EKGProject/status/751195254838222848
folowerrr;2016-07-07 16:19;0;0;"Justice for #AltonSterling and #philandrocastile @Union Square Park https://www. instagram.com/p/BHk88uzhKka/";;@Union;#AltonSterling #philandrocastile;"751193841470885893";https://twitter.com/folowerrr/status/751193841470885893
michaeldevellis;2016-07-07 16:11;0;0;"Seriously. Enough For Fuck's Sake. #blacklivesmatter #altonsterling #philandocsstile @34th… https://www. instagram.com/p/BHlAdPKgTuu/";;@34th;#blacklivesmatter #altonsterling #philandocsstile;"751192045688152064";https://twitter.com/michaeldevellis/status/751192045688152064
michaeldevellis;2016-07-07 16:09;1;0;"A city at a standstill. Conviction to the cause. #blacklivesmatter #altonsterling … https://www. instagram.com/p/BHlALPeAp5A/";;;#blacklivesmatter #altonsterling;"751191426868928516";https://twitter.com/michaeldevellis/status/751191426868928516
RVAmag;2016-07-07 16:09;1;1;"#rvamag contributor @erkfox sent this from NY --- 5th Avenue and 17th protest happening in Union… https://www. instagram.com/p/BHlAHz_A7ho/";;@erkfox;#rvamag;"751191320216076292";https://twitter.com/RVAmag/status/751191320216076292
__MostWanted_;2016-07-07 16:04;0;0;"Tomorrow I will be holding a Protest for #BlackLivesMatterCampaign We all our one & we all come… https://www. instagram.com/p/BHkoBgBAlcf/";;;#BlackLivesMatterCampaign;"751190182448226304";https://twitter.com/__MostWanted_/status/751190182448226304
michaeldevellis;2016-07-07 16:03;1;0;"New York City is absolute in our conviction. Black Lives Matter. Today. Always. #altonsterling … https://www. instagram.com/p/BHk_fnGA3Uy/";;;#altonsterling;"751189932102787072";https://twitter.com/michaeldevellis/status/751189932102787072
KiirstinMarilyn;2016-07-07 16:01;1;2;"#blacklivesmatter #nyc #protest #newyorkcity @New York, New York https://www. instagram.com/p/BHk_RsuhdNv/";;@New;#blacklivesmatter #nyc #protest #newyorkcity;"751189454128238592";https://twitter.com/KiirstinMarilyn/status/751189454128238592
J_SansChez;2016-07-07 16:01;0;0;"#rp via http:// wow.cafe In solidarity with the protest happening on Saturday July 9th, we will be open… https://www. instagram.com/p/BHk_PYNjzoH/";;;#rp;"751189371613765632";https://twitter.com/J_SansChez/status/751189371613765632
ManeMoves;2016-07-07 15:59;0;1;"If we so t get it, shit it down! #AltonSterling #PhilandoCastile #nycshutitdown @New York,… https://www. instagram.com/p/BHk_CbRBa59/";;@New;#AltonSterling #PhilandoCastile #nycshutitdown;"751188932759474176";https://twitter.com/ManeMoves/status/751188932759474176
JasonDanielFair;2016-07-07 15:59;0;0;"Start of today's protest rally and march calling for justice in the wake of the death of… https://www. instagram.com/p/BHk_BoLAsEJ/";;;;"751188899683262464";https://twitter.com/JasonDanielFair/status/751188899683262464
NewYorkCP;2016-07-07 15:56;0;1;"Videos: BlackLivesMatter Protest Stops Manhattan Traffic In Anti-Police Shootings March http:// gothamist.com/2016/07/07/bla ck_lives_matter_protest_2016.php …";;;;"751188087665856512";https://twitter.com/NewYorkCP/status/751188087665856512
GraphicDesignGP;2016-07-07 15:56;0;0;"Protest /March on 5th Ave after work on the recent shooting. @Empire State Building https://www. instagram.com/p/BHk-pY_AP5j/";;@Empire;;"751188067726286848";https://twitter.com/GraphicDesignGP/status/751188067726286848
ManeMoves;2016-07-07 15:50;0;0;"#NoJusticeNoPeace #NYC #AltonSterling #PhilandoCastile @Madison Square Garden https://www. instagram.com/p/BHk97hGh8II/";;@Madison;#NoJusticeNoPeace #NYC #AltonSterling #PhilandoCastile;"751186533806321664";https://twitter.com/ManeMoves/status/751186533806321664
GroomHT;2016-07-07 15:47;0;0;"#FreedomOfSpeech #Protest #MinnesotaShooting #blacklifesmatter #Why ? #southorangevillage … https://www. instagram.com/p/BHk9tsfBFD1/";;;#FreedomOfSpeech #Protest #MinnesotaShooting #blacklifesmatter #Why #southorangevillage;"751186020742291456";https://twitter.com/GroomHT/status/751186020742291456
strother_pt;2016-07-07 15:44;0;0;"People taking to the streets after the murders of Alton Sterling and Philando Castlile. This is… https://www. instagram.com/p/BHk9XVfArSM/";;;;"751185248000573440";https://twitter.com/strother_pt/status/751185248000573440
damoncampbell;2016-07-07 15:39;0;1;"Union Sq rally NYC #CurrentSituation #BlackLivesMatter #AltonSterling #Rally #PoliceBrutality … https://www. instagram.com/p/BHk8wWUgoQe/";;;#CurrentSituation #BlackLivesMatter #AltonSterling #Rally #PoliceBrutality;"751183909875048453";https://twitter.com/damoncampbell/status/751183909875048453
montymckeever;2016-07-07 15:39;0;1;"#BlackLivesMatter #NYC #AltonSterling #PhilandoCastile #BLM #FixThePolice #Enough @New York,… https://www. instagram.com/p/BHk8tsWhc4q/";;@New;#BlackLivesMatter #NYC #AltonSterling #PhilandoCastile #BLM #FixThePolice #Enough;"751183849858605056";https://twitter.com/montymckeever/status/751183849858605056
miriamsitz;2016-07-07 15:38;0;1;"Protest reroutes down 6th Ave, turns down W 34th @34th Street – Herald Square https://www. instagram.com/p/BHk8q2XAUyy/";;@34th;;"751183718795141120";https://twitter.com/miriamsitz/status/751183718795141120
iluvgs400;2016-07-07 15:38;0;1;"Another police shooting, another protest . Same old cycle. Where's the change? @Union Square Park https://www. instagram.com/p/BHk8pKDhVtV/";;@Union;;"751183663228858368";https://twitter.com/iluvgs400/status/751183663228858368
montymckeever;2016-07-07 15:37;0;1;"#BlackLivesMatter #NYC #AltonSterling #PhilandoCastile #BLM @New York, New York https://www. instagram.com/p/BHk8j1JBb29/";;@New;#BlackLivesMatter #NYC #AltonSterling #PhilandoCastile #BLM;"751183486610923520";https://twitter.com/montymckeever/status/751183486610923520
miriamsitz;2016-07-07 15:37;0;0;"Police line shuts down W 34th at 5th Ave, diverts protest @Empire State Building https://www. instagram.com/p/BHk8ftZggVe/";;@Empire;;"751183335074983940";https://twitter.com/miriamsitz/status/751183335074983940
drucutler;2016-07-07 15:33;0;0;"It's very inspiring to be a small part of a peaceful yet powerful protest . #unionsquare #March … https://www. instagram.com/p/BHk8AVNBMno/";;;#unionsquare #March;"751182262821986304";https://twitter.com/drucutler/status/751182262821986304
iveymichele;2016-07-07 15:33;0;1;"and he was accused of reaching for what exactly??? #blacklivesmatter #altonsterling … https://www. instagram.com/p/BHk8ANAhPvI/";;;#blacklivesmatter #altonsterling;"751182256413167618";https://twitter.com/iveymichele/status/751182256413167618
thepeoplesview;2016-07-07 15:30;2;0;"President Obama delivers a statement on Philando Castile and Alton Sterling http://www. thepeoplesview.net/main/2016/7/7/ president-obama-deliv …";;;;"751181529624215552";https://twitter.com/thepeoplesview/status/751181529624215552
oliverbothwell;2016-07-07 15:16;0;0;"Black Lives Matter protest on 5 Av #blacklivesmatter #whitesilenceisviolence #nyc @Madison… https://www. instagram.com/p/BHk6Ea2jg14/";;@Madison;#blacklivesmatter #whitesilenceisviolence #nyc;"751178000104824834";https://twitter.com/oliverbothwell/status/751178000104824834
eduardoguzman1;2016-07-07 15:12;0;1;"As a citizen of this great country I join the protest in honor of #AltonSterling and… https://www. instagram.com/p/BHk5qNlhCoD/";;;#AltonSterling;"751177102435557377";https://twitter.com/eduardoguzman1/status/751177102435557377
msladyjustice1;2016-07-07 15:11;3;4;"Show me what democracy looks like! This is what democracy looks like! #AltonSterling … https://www. instagram.com/p/BHk5hA8Aon2/";;;#AltonSterling;"751176887343407104";https://twitter.com/msladyjustice1/status/751176887343407104
elodyandivory;2016-07-07 15:11;0;0;"Happening now: march down 5th avenue To protest The killings of poc by The police.… https://www. instagram.com/p/BHk5hYOjBW2/";;;;"751176797400788992";https://twitter.com/elodyandivory/status/751176797400788992
IAmSamHankins;2016-07-07 15:10;0;1;"Humanity is not up for debate. #blacklivesmatter #enoughisenough #altonsterling #philandocastile … https://www. instagram.com/p/BHk5aDBBdj2/";;;#blacklivesmatter #enoughisenough #altonsterling #philandocastile;"751176550175821824";https://twitter.com/IAmSamHankins/status/751176550175821824
WilliamLeonthom;2016-07-07 15:07;0;0;"And the day before that... #blacklivesmatter #stopthemadness #williamsworld #march #protest … https://www. instagram.com/p/BHk4m2_DMNg/";;;#blacklivesmatter #stopthemadness #williamsworld #march #protest;"751175839480442880";https://twitter.com/WilliamLeonthom/status/751175839480442880
aroksun;2016-07-07 15:02;0;0;"Black lives matter. #blacklivesmatter #altonsterling #philandocastile #nyc #protest #march … https://www. instagram.com/p/BHk4htdBTSr/";;;#blacklivesmatter #altonsterling #philandocastile #nyc #protest #march;"751174615343308800";https://twitter.com/aroksun/status/751174615343308800
imAWESOMEur_NOT;2016-07-07 14:47;0;0;"NYC PROTEST #blacklivesmatter @14th Street – Union Square (New… https://www. instagram.com/p/BHk2zeEBk3d3 z9s3f3EkVLNGBUE5pwGYx6jizY0/ …";;@14th;#blacklivesmatter;"751170826330791937";https://twitter.com/imAWESOMEur_NOT/status/751170826330791937
brookedevard;2016-07-07 14:42;0;1;"from @that_lucie_girl captured in the #EastVillage this morning honoring #altonsterling & not… https://www. instagram.com/p/BHk2McOjmbc/";;@that_lucie_girl;#EastVillage #altonsterling;"751169479212687364";https://twitter.com/brookedevard/status/751169479212687364
ddipasupil;2016-07-07 14:40;0;0;"Justice for Alton Sterling & Philando Castile #StopPoliceTerror #altonsterling #philandocastile … https://www. instagram.com/p/BHk2B9TjLLE/";;;#StopPoliceTerror #altonsterling #philandocastile;"751169122491326465";https://twitter.com/ddipasupil/status/751169122491326465
cocoalina__;2016-07-07 14:21;0;0;"#altonsterling #philandocastile #delrawnsmalls #PROTESTING #takingtothestreets @Union… https://www. instagram.com/p/BHkz3GyjbMt/";;@Union;#altonsterling #philandocastile #delrawnsmalls #PROTESTING #takingtothestreets;"751164352372281348";https://twitter.com/cocoalina__/status/751164352372281348
dangerfishback;2016-07-07 14:18;0;0;"#altonsterling #philandocastile @Union Square Park https://www. instagram.com/p/BHkzgTPhFOf/";;@Union;#altonsterling #philandocastile;"751163570386112512";https://twitter.com/dangerfishback/status/751163570386112512
NewYorkCP;2016-07-07 13:57;0;0;"Shaun King: The cop killings of AltonSterling and PhilandoCastile have taken America to a boiling point http:// nydn.us/29SEurK";;;;"751158148409331713";https://twitter.com/NewYorkCP/status/751158148409331713
NewYorkCP;2016-07-07 13:57;0;0;"'UNACCEPTABLE': Mayor de Blasio is 'reeling' from AltonSterling and PhilandoCastile http:// nydn.us/29r8xqv";;;;"751158139240656897";https://twitter.com/NewYorkCP/status/751158139240656897
MOxAK2;2016-07-07 13:34;2;4;"hurting? take a read. #AltonSterling #PhilandoCastile #______ http://www. astoldbymoyo.com/blog/x";;;#AltonSterling #PhilandoCastile #______;"751152414171000832";https://twitter.com/MOxAK2/status/751152414171000832
NewYorkCP;2016-07-07 13:24;2;0;"Newark protest against police shootings blocks traffic on Route 21. Major traffic jam. http:// toplocalnow.com/us/new-york-ci ty …";;;;"751149831591043072";https://twitter.com/NewYorkCP/status/751149831591043072
stephenhallny;2016-07-07 12:40;0;0;"Alton Sterlings murder, yes I said MURDER by two police officers, while he was pinned to the… https://www. instagram.com/p/BHkoNWah9gd/";;;;"751138728735744001";https://twitter.com/stephenhallny/status/751138728735744001
NewYorkCP;2016-07-07 12:15;0;0;"Black Ohio cop 'ashamed' after AltonSterling death: "Put these guns down" http:// nydn.us/29luHtn";;;;"751132577713434624";https://twitter.com/NewYorkCP/status/751132577713434624
MrMecc;2016-07-07 12:13;0;0;"Accurate. #PhilandoCastile #AltonSterling #BlackLivesMatter @Flatbush Avenue, Brooklyn https://www. instagram.com/p/BHklMfghHfq/";;@Flatbush;#PhilandoCastile #AltonSterling #BlackLivesMatter;"751132102284812288";https://twitter.com/MrMecc/status/751132102284812288
audreycanblog;2016-07-07 11:16;0;0;"We say your names: #SymoneMarshall #PhilandoCastile #AltonSterling & every life lost! Something… https://www. instagram.com/p/BHkenNOhoKf/";;;#SymoneMarshall #PhilandoCastile #AltonSterling;"751117626886090752";https://twitter.com/audreycanblog/status/751117626886090752
brooklynwonder;2016-07-07 10:40;0;0;"#BlackLivesMatter #AltonSterling #PhilandoCastile @Union Square Park https://www. instagram.com/p/BHkag2Gj-S5/";;@Union;#BlackLivesMatter #AltonSterling #PhilandoCastile;"751108607467454464";https://twitter.com/brooklynwonder/status/751108607467454464
Alill_bit;2016-07-07 09:57;0;0;"Well said #philandocastile #altonsterling ( @Drake ) @Black Ink Tattoo Studio https://www. instagram.com/p/BHkVqUghE79/";;@Drake @Black;#philandocastile #altonsterling;"751097941993984004";https://twitter.com/Alill_bit/status/751097941993984004
MrMSalami;2016-07-07 09:43;1;0;"This!! #AltonSterling #philandocastile #BlackLivesMatter @New York, New York https://www. instagram.com/p/BHkT_T5AGd_/";;@New;#AltonSterling #philandocastile #BlackLivesMatter;"751094260099903488";https://twitter.com/MrMSalami/status/751094260099903488
DjSwift37;2016-07-07 09:34;0;0;"Tags by hashmeapp #copwatchpatrolunit #blackpower #policebrutality #blacklove #protest … https://www. instagram.com/p/BHkTBZIDG9e/";;;#copwatchpatrolunit #blackpower #policebrutality #blacklove #protest;"751092133499723776";https://twitter.com/DjSwift37/status/751092133499723776
DjSwift37;2016-07-07 09:33;0;0;"Tags by hashmeapp #copwatchpatrolunit #blackpower #policebrutality #blacklove #protest … https://www. instagram.com/p/BHkS2OLD50O/";;;#copwatchpatrolunit #blackpower #policebrutality #blacklove #protest;"751091750047997952";https://twitter.com/DjSwift37/status/751091750047997952
TheRealKamie;2016-07-07 09:25;5;5;"If you're not angry, you're not paying attention. #blacklivesmatter #altonsterling … https://www. instagram.com/p/BHkR_7CBYrw/";;;#blacklivesmatter #altonsterling;"751089888955543553";https://twitter.com/TheRealKamie/status/751089888955543553
NewYorkCP;2016-07-07 09:22;0;0;"Execution by cop: Why was it necessary to kill AltonSterling ? (via NYDN Opinion Team) http:// nydn.us/29t5fEG";;;;"751088944431849472";https://twitter.com/NewYorkCP/status/751088944431849472
NewYorkCP;2016-07-07 08:26;0;1;"JUST IN: Cops who killed AltonSterling were dispatched after a homeless man reported an armed suspect in the lot http:// nydn.us/29RGPD9";;;;"751074850576359424";https://twitter.com/NewYorkCP/status/751074850576359424
R_AlexanderM;2016-07-07 08:11;0;1;"This is just too damn sad... Prayers to #altonsterling #philandocastile #DylanNoble … https://www. instagram.com/p/BHkJgiNDIdA/";;;#altonsterling #philandocastile #DylanNoble;"751071213817069568";https://twitter.com/R_AlexanderM/status/751071213817069568
NewYorkCP;2016-07-07 07:52;0;1;"Drake says he's "disheartened, emotional & truly scared" after AltonSterling shooting http:// nydn.us/29kgSKQ";;;;"751066391092932609";https://twitter.com/NewYorkCP/status/751066391092932609
FrenchBeatsInt;2016-07-07 07:34;0;0;"#melanin #altonsterling #innocent #blacklivesmatter #alllivesmatter #ifyoudidntknownowyouknow … https://www. instagram.com/p/BHkFS0fgzve/";;;#melanin #altonsterling #innocent #blacklivesmatter #alllivesmatter #ifyoudidntknownowyouknow;"751061946921848832";https://twitter.com/FrenchBeatsInt/status/751061946921848832
FrenchBeatsInt;2016-07-07 07:29;0;0;"#melanin #altonsterling #innocent #blacklivesmatter #alllivesmatter #ifyoudidntknownowyouknow … https://www. instagram.com/p/BHkEuLEgJhy/";;;#melanin #altonsterling #innocent #blacklivesmatter #alllivesmatter #ifyoudidntknownowyouknow;"751060685698850816";https://twitter.com/FrenchBeatsInt/status/751060685698850816
FrenchBeatsInt;2016-07-07 07:18;0;0;"#altonsterling #innocent #blacklivesmatter #alllivesmatter #ifyoudidntknownowyouknow #realtalk … https://www. instagram.com/p/BHkDdTegJS3/";;;#altonsterling #innocent #blacklivesmatter #alllivesmatter #ifyoudidntknownowyouknow #realtalk;"751057907144359936";https://twitter.com/FrenchBeatsInt/status/751057907144359936
FrenchBeatsInt;2016-07-07 07:06;0;0;"#altonsterling #stoppolicebrutality #fightthepower #forsellingmusicypucandienowdays … https://www. instagram.com/p/BHkCBkxAHpk/";;;#altonsterling #stoppolicebrutality #fightthepower #forsellingmusicypucandienowdays;"751054755590500352";https://twitter.com/FrenchBeatsInt/status/751054755590500352
IMF_MALLOY145;2016-07-07 06:55;1;1;"#TheyNeverGaveAFuckAboutUs Rp troubleman31 #blacklivesmatter #altonsterling #batonrouge … https://www. instagram.com/p/BHkAvC3DO29/";;;#TheyNeverGaveAFuckAboutUs #blacklivesmatter #altonsterling #batonrouge;"751051942928015360";https://twitter.com/IMF_MALLOY145/status/751051942928015360
MediaHandlers;2016-07-07 06:53;0;0;"#MediaHandlers #MSMTV unfortunately we are here once again #altonsterling #Blacklivesmatter … https://www. instagram.com/p/BHkAkp3gcQ0/";;;#MediaHandlers #MSMTV #altonsterling #Blacklivesmatter;"751051564597600256";https://twitter.com/MediaHandlers/status/751051564597600256
TheRobertaShow;2016-07-07 06:39;0;0;"A black man. #altonsterling I don't have the words to express & there is nothing positive in OUR… https://www. instagram.com/p/BHj-_xYBQ1C/";;;#altonsterling;"751048100978913283";https://twitter.com/TheRobertaShow/status/751048100978913283
AureliaGroup;2016-07-07 06:25;0;1;"Wake Up! Justice for #philandocastile & #altonsterling #whowatchesthewatchmen @New York, New… https://www. instagram.com/p/BHj9VbIh2Sh/";;@New;#philandocastile #altonsterling #whowatchesthewatchmen;"751044448298016769";https://twitter.com/AureliaGroup/status/751044448298016769
damianmonzillo;2016-07-07 05:28;0;0;"For Alton Sterling and Eric Garner. The really sad thing about this is that there are probably a… https://www. instagram.com/p/BHj24OtB3Jj/";;;;"751030249811349504";https://twitter.com/damianmonzillo/status/751030249811349504
dariothephotog;2016-07-07 05:25;0;0;"Nothing left to give. Bronx Studio, 2016. #pentax #6x7 #film #altonsterling #philandocastile @… https://www. instagram.com/p/BHj2g2IDtP0/";;@;#pentax #6x7 #film #altonsterling #philandocastile;"751029443221655557";https://twitter.com/dariothephotog/status/751029443221655557
DynastyTheKing;2016-07-07 05:23;0;0;"Rest in peace to #philandocastile and #altonsterling @New York, New York https://www. instagram.com/p/BHj2SVyjYW7/";;@New;#philandocastile #altonsterling;"751028945714380801";https://twitter.com/DynastyTheKing/status/751028945714380801
TheKempire;2016-07-07 03:59;1;2;"Let us not be blind anymore. #SayTheirNames #RIP #altonsterling #philandocastile #mayaangelou @… https://www. instagram.com/p/BHjsqjHBWpg/";;@;#SayTheirNames #RIP #altonsterling #philandocastile #mayaangelou;"751007789858729985";https://twitter.com/TheKempire/status/751007789858729985
worshippsalmist;2016-07-07 03:40;0;0;"Dedicated to #AltonSterling RIP courtesy of justjess43 @Bronx, NY https://www. instagram.com/p/BHjqcfojwY2/";;@Bronx;#AltonSterling;"751002905000472576";https://twitter.com/worshippsalmist/status/751002905000472576
djshortmike;2016-07-07 00:46;0;0;"#absolutelyridiculous smh #altonsterling know what you're doing people this world is in… https://www. instagram.com/p/BHjWhHrgtZK/";;;#absolutelyridiculous #altonsterling;"750959082207600640";https://twitter.com/djshortmike/status/750959082207600640
DawnFitchMitch;2016-07-07 00:23;0;1;"Makes my heart hurt. The hate in this world from our protectors. I can't... #altonsterling @… https://www. instagram.com/p/BHjT9feDudz/";;@;#altonsterling;"750953462461005824";https://twitter.com/DawnFitchMitch/status/750953462461005824
heythatsjaz;2016-07-06 23:31;0;2;"With Liberty and Justice For All— Alton Sterling, Philando Castile? http://www. heythatsjaz.com/lifestyle/2016 /7/6/with-liberty-and-justice-for-all-alton-sterling …";;;;"750940232929910784";https://twitter.com/heythatsjaz/status/750940232929910784
ls_cc_askme;2016-07-06 21:11;0;1;"Immortal words from a generation past If We Must Die #altonbrownlive #altonsterling #classics … https://www. instagram.com/p/BHi99KggkVc/";;;#altonbrownlive #altonsterling #classics;"750905070422781952";https://twitter.com/ls_cc_askme/status/750905070422781952
Coochifritoscom;2016-07-06 21:03;0;0;"The #BlockAndDelete game is strong ! #blacklivesmatter #AltonSterling #sayhisname @Full House… https://www. instagram.com/p/BHi9BtXAO-P/";;@Full;#BlockAndDelete #blacklivesmatter #AltonSterling #sayhisname;"750903027784089600";https://twitter.com/Coochifritoscom/status/750903027784089600
iveymichele;2016-07-06 19:59;0;0;"#altonsterling @New York, New York https://www. instagram.com/p/BHi1tQQhYgo/";;@New;#altonsterling;"750886935921434626";https://twitter.com/iveymichele/status/750886935921434626
iAmPeterCooper;2016-07-06 18:52;1;2;"I’ve been walking around in a fog today with the murder of #AltonSterling heavy on my mind. I… https://www. instagram.com/p/BHiuAHkBOVd/";;;#AltonSterling;"750869994309709824";https://twitter.com/iAmPeterCooper/status/750869994309709824
latinbabyg;2016-07-06 18:37;0;0;"I'm lost for words .... #Rip #altonsterling The police officers that… https://www. instagram.com/p/BHisT1NBtSYv Ktey-Z7zijGJYEWdi07OCHbyaQ0/ …";;;#Rip #altonsterling;"750866273618128896";https://twitter.com/latinbabyg/status/750866273618128896
lilyd4life;2016-07-06 18:25;0;1;"#altonsterling there is a very easy solution to this..have good use tasers if they think someone is resisting arrest! Didnt deserve to die";;;#altonsterling;"750863301559672832";https://twitter.com/lilyd4life/status/750863301559672832
iAmPeterCooper;2016-07-06 18:15;0;1;"I’ve been walking around in a fog today with the murder of #AltonSterling heavy on my mind. I… https://www. instagram.com/p/BHipwiRBJSh/";;;#AltonSterling;"750860660574081024";https://twitter.com/iAmPeterCooper/status/750860660574081024
DynastyTheKing;2016-07-06 17:50;0;0;"Biggie's shirt has the answers to all of your questions.... #Brooklyn #altonsterling @EastNY… https://www. instagram.com/p/BHim6G0DHxh/";;@EastNY;#Brooklyn #altonsterling;"750854388235788288";https://twitter.com/DynastyTheKing/status/750854388235788288
DynastyTheKing;2016-07-06 17:25;2;0;"#altonsterling REST IN PEACE! #Repost from @juganot with #sharegram .app.… https://www. instagram.com/p/BHikH3BjWs7/";;@juganot;#altonsterling #Repost #sharegram;"750848265957015552";https://twitter.com/DynastyTheKing/status/750848265957015552
HaitianBelleBlc;2016-07-06 17:22;0;0;"Alton Sterling was brutally murdered by Baton Rouge Police, justice… https://www. instagram.com/p/BHijrpDAIzBB fqlCjDQ4254jdhLu0dw4kR3T4A0/ …";;;;"750847321668214784";https://twitter.com/HaitianBelleBlc/status/750847321668214784
HaitianBelleBlc;2016-07-06 17:14;0;0;"So sad RIP #altonsterling @Relax Giving My Pillow Some Good Head https://www. instagram.com/p/BHii1BoAZvUy P6WxQuA2OS-JhjICLYXobahNrc0/ …";;@Relax;#altonsterling;"750845417605230596";https://twitter.com/HaitianBelleBlc/status/750845417605230596
heythatsjaz;2016-07-06 16:40;0;1;"With Liberty and Justice For All— Alton Sterling? http://www. heythatsjaz.com/lifestyle/2016 /7/6/with-liberty-and-justice-for-all-alton-sterling …";;;;"750836812353011712";https://twitter.com/heythatsjaz/status/750836812353011712
ATthePartyMusic;2016-07-06 16:40;0;2;"Eid Mubarak, I am a proud American Muslim. I stand with #altonsterling & all victims of… https://www. instagram.com/p/BHie4liD4-s/";;;#altonsterling;"750836745642573824";https://twitter.com/ATthePartyMusic/status/750836745642573824
ariannagdavis;2016-07-06 16:39;0;0;"Praying for our country today. #AltonSterling @New York, New York https://www. instagram.com/p/BHie0HdBi_k/";;@New;#AltonSterling;"750836594869886976";https://twitter.com/ariannagdavis/status/750836594869886976
DesiKWIMRadio;2016-07-06 15:51;0;0;"Before reports of #AltonSterling 's possible wrap sheets, accounts of failed relationships, and… https://www. instagram.com/p/BHiZYAbgZjz/";;;#AltonSterling;"750824629200121857";https://twitter.com/DesiKWIMRadio/status/750824629200121857
didimatts;2016-07-06 15:13;0;0;"#altonsterling @New York, New York https://www. instagram.com/p/BHiU_gdgTcl/";;@New;#altonsterling;"750814990916063232";https://twitter.com/didimatts/status/750814990916063232
MrMecc;2016-07-06 14:54;1;0;"Unarmed. #AltonSterling #SandraBland #EricGarner #TrayvonMartin #FreddieGray #AiyanaStanleyJones … https://www. instagram.com/p/BHiS0bAB6zL/";;;#AltonSterling #SandraBland #EricGarner #TrayvonMartin #FreddieGray #AiyanaStanleyJones;"750810216170557441";https://twitter.com/MrMecc/status/750810216170557441
ElizardoValdez;2016-07-06 14:19;0;0;"#ourlivesmatter #black #hispanic #minority #murder #redrum #altonsterling @Williamsburg NYC https://www. instagram.com/p/BHiOz_9AfMP/";;@Williamsburg;#ourlivesmatter #black #hispanic #minority #murder #redrum #altonsterling;"750801401215844352";https://twitter.com/ElizardoValdez/status/750801401215844352
NewYorkCP;2016-07-06 14:07;0;0;"JUST IN: New AltonSterling video shows he didn't pull gun on police http:// nydn.us/29leEvg";;;;"750798426258837506";https://twitter.com/NewYorkCP/status/750798426258837506
HeadlinerApp;2016-07-06 13:54;1;2;"Headliners speak out about #altonsterling #policebrutality @New York, New York https://www. instagram.com/p/BHiL9AyjvfN/";;@New;#altonsterling #policebrutality;"750795163124072449";https://twitter.com/HeadlinerApp/status/750795163124072449
MarkASamuels;2016-07-06 13:30;1;2;"This video needs to go viral.....like.....NOW!!! #altonsterling @Hot 97 Radio Station https://www. instagram.com/p/BHiJJrEB_Yi/";;@Hot;#altonsterling;"750788959169441792";https://twitter.com/MarkASamuels/status/750788959169441792
NewYorkCP;2016-07-06 13:17;0;0;"EXCLUSIVE — Father-in-law of cop involved in AltonSterling ’s death slams black protesters http:// nydn.us/29P970Y";;;;"750785692930748416";https://twitter.com/NewYorkCP/status/750785692930748416
NewYorkCP;2016-07-06 12:45;1;0;"New York trends now: Stanton, Gretchen Carlson, Alton Sterling, Afghanistan, PORWAL and NationalFriedChickenDay. http:// toplocalnow.com/us/new-york-ci ty?section=trends …";;;;"750777642534604800";https://twitter.com/NewYorkCP/status/750777642534604800
Zeektheguy;2016-07-06 12:41;0;0;"#fuck12 #fuckthepolice #altonsterling @The Frying Pan - NYC https://www. instagram.com/p/BHiDlmwDjdBE d67r3kiGA5iplhAa8Mc-vr5Z7I0/ …";;@The;#fuck12 #fuckthepolice #altonsterling;"750776718651224064";https://twitter.com/Zeektheguy/status/750776718651224064
DynastyTheKing;2016-07-06 12:33;0;0;"Rest in peace Alton ! #altonsterling @Smile, Relax and Enjoy Life https://www. instagram.com/p/BHiCrvFDb3X/";;@Smile;#altonsterling;"750774731184504832";https://twitter.com/DynastyTheKing/status/750774731184504832
SantinoSpeaks;2016-07-06 11:52;0;0;"#altonsterling #existingwhileblack #X @SLIQUE HAIR STUDIO https://www. instagram.com/p/BHh9-prg9sO/";;@SLIQUE;#altonsterling #existingwhileblack #X;"750764383878385664";https://twitter.com/SantinoSpeaks/status/750764383878385664
ArtBachelorette;2016-07-06 11:40;0;0;"Black Lives Matter. #Blacklivesmatter Artwork by Alex Nabaum #altonsterling @Bedstuy Brooklyn https://www. instagram.com/p/BHh8Z5kgz1i/";;@Bedstuy;#Blacklivesmatter #altonsterling;"750761291002839040";https://twitter.com/ArtBachelorette/status/750761291002839040
NewYorkCP;2016-07-06 11:34;0;0;"New York trends now: Gretchen Carlson, Afghanistan, Roger Federer, AltonSterling and NationalFriedChickenDay. http:// toplocalnow.com/us/new-york-ci ty?section=trends …";;;;"750759876071084032";https://twitter.com/NewYorkCP/status/750759876071084032
WorldWideSpence;2016-07-06 11:24;0;0;"#AltonSterling #WeAreTheNewEnDangeredSpecies #BlackLivesMatter #HandsUp #DontShoot #facts … https://www. instagram.com/p/BHh6yU2DDs_/";;;#AltonSterling #WeAreTheNewEnDangeredSpecies #BlackLivesMatter #HandsUp #DontShoot #facts;"750757365662773248";https://twitter.com/WorldWideSpence/status/750757365662773248
NewYorkCP;2016-07-06 11:18;0;0;"NBA player Glen Davis: I knew Alton Sterling and he ‘wouldn’t hurt a fly’ http:// nydn.us/29mhyF9";;;;"750755736326594561";https://twitter.com/NewYorkCP/status/750755736326594561
ZIPLOC718;2016-07-06 11:07;0;0;"#staywoke #altonsterling @Delancey Street – Essex Street https://www. instagram.com/p/BHh44PXASzj/";;@Delancey;#staywoke #altonsterling;"750753168825413632";https://twitter.com/ZIPLOC718/status/750753168825413632
ZIPLOC718;2016-07-06 10:58;0;0;"#altonsterling @Delancey Street – Essex Street https://www. instagram.com/p/BHh3yzEA3KE/";;@Delancey;#altonsterling;"750750783256363008";https://twitter.com/ZIPLOC718/status/750750783256363008
ntangibleassets;2016-07-06 10:43;0;0;"In response to the horrific news of Alton Sterling's shooting, The Greater Allen A.M.E.… https://www. instagram.com/p/BHh2HUQg7Hk/";;;;"750747089869611009";https://twitter.com/ntangibleassets/status/750747089869611009
djdonnova;2016-07-06 10:38;0;1;"#ripaltonsterling #altonsterling I don’t got no march in me, I can’t turn the other… https://www. instagram.com/p/BHh1iX0DJmE/";;;#ripaltonsterling #altonsterling;"750745822019592192";https://twitter.com/djdonnova/status/750745822019592192
Beberocks21;2016-07-06 10:36;1;3;"#altonsterling This is what had me awake until 4:30 am. The activist life is a constant feeling… https://www. instagram.com/p/BHh1PEuBEh-/";;;#altonsterling;"750745162276413440";https://twitter.com/Beberocks21/status/750745162276413440
hasanzabriskie;2016-07-06 10:29;0;1;"#AltonSterling @Bronx, NY https://www. instagram.com/p/BHh0hNdjz6N/";;@Bronx;#AltonSterling;"750743581829234689";https://twitter.com/hasanzabriskie/status/750743581829234689
NewYorkCP;2016-07-06 10:27;0;0;"Officer Howie Lake II has been involved in a police shooting before AltonSterling http://www. nydailynews.com/news/national/ officers-alton-sterling-shooting-identified-article-1.2701175 …";;;;"750742957368586240";https://twitter.com/NewYorkCP/status/750742957368586240
CHUCKY_TME;2016-07-06 10:20;0;1;""I got really emotional today...." #AltonSterling @rosenbergradio @Newark, New Jersey https://www. instagram.com/p/BHhzZPoA1ug/";;@rosenbergradio @Newark;#AltonSterling;"750741111979794432";https://twitter.com/CHUCKY_TME/status/750741111979794432
CHUCKY_TME;2016-07-06 10:10;0;1;"#AltonSterling Family Speaking.. This is heartbreaking. @Newark, New Jersey https://www. instagram.com/p/BHhyQJyAnJr/";;@Newark;#AltonSterling;"750738598408888321";https://twitter.com/CHUCKY_TME/status/750738598408888321
MSSharpton2u;2016-07-06 10:07;0;0;"Your VOICE and ACTIONS are beautiful too! #AltonSterling #STAYWOKE … https://www. instagram.com/p/BHhx6HrAlm6n q7GyYZekcFDn3Gd0vf5TyLPbUQ0/ …";;;#AltonSterling #STAYWOKE;"750737840120750080";https://twitter.com/MSSharpton2u/status/750737840120750080
GabTheGuru;2016-07-06 09:57;0;0;"#ALTONSTERLING @Home Sweet Harlem https://www. instagram.com/p/BHhwwWZB4M3/";;@Home;#ALTONSTERLING;"750735310087032832";https://twitter.com/GabTheGuru/status/750735310087032832
MrMecc;2016-07-06 09:54;0;2;"Basically... #AltonSterling #SandraBland #EricGarner #TrayvonMartin #FreddieGray … https://www. instagram.com/p/BHhwa11BjVy/";;;#AltonSterling #SandraBland #EricGarner #TrayvonMartin #FreddieGray;"750734570211815424";https://twitter.com/MrMecc/status/750734570211815424
NewYorkCP;2016-07-06 09:53;0;0;"JUST IN: Blane Salamoni & Howie Lake II identified as officers in AltonSterling shooting http:// nydn.us/29OLsxJ";;;;"750734349914378240";https://twitter.com/NewYorkCP/status/750734349914378240
NewYorkCP;2016-07-06 09:38;0;0;"New York trends now: Federer, Chelsea Manning, AltonSterling , WednesdayWisdom and NationalFriedChickenDay. http:// toplocalnow.com/us/new-york-ci ty?section=trends …";;;;"750730589104287744";https://twitter.com/NewYorkCP/status/750730589104287744
JRed_116;2016-07-06 09:30;0;0;"This is crazy. Another man dead by an officer(s). Crazy. #altonsterling #ripaltonsterling … https://www. instagram.com/p/BHhtvfNBVmu/";;;#altonsterling #ripaltonsterling;"750728682465931264";https://twitter.com/JRed_116/status/750728682465931264
madeRICH;2016-07-06 09:24;1;1;"If you gonna wear the hat - boss up on the act. #AltonSterling is the 558th person killed in the… https://www. instagram.com/p/BHhtFPwjbW9/";;;#AltonSterling;"750727229420793857";https://twitter.com/madeRICH/status/750727229420793857
TheKempire;2016-07-06 09:24;0;0;"Don't allow these images make you think you deserve less than what's given. #altonsterling #RIP … https://www. instagram.com/p/BHhtBGlhLLx/";;;#altonsterling #RIP;"750727088513032193";https://twitter.com/TheKempire/status/750727088513032193
DJJUANYTO;2016-07-06 09:20;0;0;"Earlier today on @ebrointheam #altonsterling @Hot97 https://www. instagram.com/p/BHhslADgRsr/";;@ebrointheam @Hot97;#altonsterling;"750726121638006784";https://twitter.com/DJJUANYTO/status/750726121638006784
KingLetty_;2016-07-06 09:15;0;0;"Thank You @rosenbergradio #AltonSterling cc: @ebrointheam x @hot97 @Bronx, New York https://www. instagram.com/p/BHhr_y-BFO6/";;@rosenbergradio @ebrointheam @hot97 @Bronx;#AltonSterling;"750724848268161026";https://twitter.com/KingLetty_/status/750724848268161026
urbanasanas1;2016-07-06 09:07;0;0;"Day 6 #altonsterling @Urban Asanas https://www. instagram.com/p/BHhrFqkBWSw/";;@Urban;#altonsterling;"750722906301140996";https://twitter.com/urbanasanas1/status/750722906301140996
Pmama4Obama;2016-07-06 09:05;1;3;"Had to stop for a moment & say a prayer for #AltonSterling , his… https://www. instagram.com/p/BHhq3zFhIo-B f0LzLGlbpdFW_CnZunr_VaCkIE0/ …";;;#AltonSterling;"750722371468660737";https://twitter.com/Pmama4Obama/status/750722371468660737
JunaeBrown;2016-07-06 09:01;0;0;"#AltonSterling Baton Rouge, #DelrawnSmalls Brooklyn. The "prayers" of politicians aren't… https://www. instagram.com/p/BHhqax4h5YF/";;;#AltonSterling #DelrawnSmalls;"750721374310637569";https://twitter.com/JunaeBrown/status/750721374310637569
MrFrankBillini;2016-07-06 09:01;0;0;"The Blue Wall Is Sketchie, And Needs To Come Down. #AltonSterling";;;#AltonSterling;"750721339670032384";https://twitter.com/MrFrankBillini/status/750721339670032384
MrFrankBillini;2016-07-06 08:54;0;0;"@EspaillatNY now this, #AltonSterling";;@EspaillatNY;#AltonSterling;"750719565919813632";https://twitter.com/MrFrankBillini/status/750719565919813632
MrFrankBillini;2016-07-06 08:51;0;1;"@AJELKALLEJERO @angiejromero #AltonSterling";;@AJELKALLEJERO @angiejromero;#AltonSterling;"750718855874568192";https://twitter.com/MrFrankBillini/status/750718855874568192
thekimlewis;2016-07-06 08:50;0;0;"#AltonSterling http://www. thekimlewis.com/allthings/alto nsterling …";;;#AltonSterling;"750718586143010816";https://twitter.com/thekimlewis/status/750718586143010816
alejgoots;2016-07-06 08:49;0;0;"IS HE PROTECTING YOU? #altonsterling A valid question since 1962 #sncc #dannylyon #photography … https://www. instagram.com/p/BHho-sOBLS4/";;;#altonsterling #sncc #dannylyon #photography;"750718211843239937";https://twitter.com/alejgoots/status/750718211843239937
MeganRyte;2016-07-06 08:46;1;1;"#AltonSterling | @rosenbergradio @Hot97 https://www. instagram.com/p/BHhoqJOAnXO/";;@rosenbergradio @Hot97;#AltonSterling;"750717552033140737";https://twitter.com/MeganRyte/status/750717552033140737
NewYorkCP;2016-07-06 08:43;0;0;"New York trends now: Afghanistan, Federer, Oscar Pistorius, AltonSterling and WednesdayWisdom. http:// toplocalnow.com/us/new-york-ci ty?section=trends …";;;;"750716731245547520";https://twitter.com/NewYorkCP/status/750716731245547520
MrFrankBillini;2016-07-06 08:37;0;0;"#AltonSterling was my brother.";;;#AltonSterling;"750715238459273217";https://twitter.com/MrFrankBillini/status/750715238459273217
Rosenbergradio;2016-07-06 08:31;397;831;"I got really emotional today .... #AltonSterling @Hot97 https://www. instagram.com/p/BHhm7GpBTLP/";;@Hot97;#AltonSterling;"750713694082834432";https://twitter.com/Rosenbergradio/status/750713694082834432
getkristiluv;2016-07-06 08:02;0;0;"#Repost @KelliMColeman_ When will it end? #altonsterling #whenwillitend #blacklivesmatter … https://www. instagram.com/p/BHhjnz8jSx7/";;@KelliMColeman_;#Repost #altonsterling #whenwillitend #blacklivesmatter;"750706426381799424";https://twitter.com/getkristiluv/status/750706426381799424
_King_Corb_;2016-07-06 08:02;0;0;"Fuck the bullshit! Deadass! #AltonSterling @City of Newark https://www. instagram.com/p/BHhjmP0BqaIx -X8NZZeZ0H7zWGf3mjEU_LwKcs0/ …";;@City;#AltonSterling;"750706375295053824";https://twitter.com/_King_Corb_/status/750706375295053824
ggluvhair;2016-07-06 07:56;0;0;"#STOP #AltonSterling #AllLivesMatter @New York, New York https://www. instagram.com/p/BHhi9-9ju-H/";;@New;#STOP #AltonSterling #AllLivesMatter;"750704988159111169";https://twitter.com/ggluvhair/status/750704988159111169
singrasul;2016-07-06 07:52;0;0;"#BLM #BlackLivesMatter #AltonSterling #MakesNoSense … https://www. instagram.com/p/BHhidb6jGS-A 8zQGPD4R5WNRetV6RXLlMQOxUI0/ …";;;#BLM #BlackLivesMatter #AltonSterling #MakesNoSense;"750703869727019008";https://twitter.com/singrasul/status/750703869727019008
leCheebaCruz;2016-07-06 07:46;1;1;"A memo this morn: "If you're about organization, hit me up." #altonsterling Are you surprised… https://www. instagram.com/p/BHhh3h-BQv_/";;;#altonsterling;"750702573657559040";https://twitter.com/leCheebaCruz/status/750702573657559040
singrasul;2016-07-06 07:22;0;0;"#WakeUp #BlackLivesMatter #AltonSterling #SayHisName … https://www. instagram.com/p/BHhfH0gjh-es KwauR_sMUiFXcrvtZDyI66BTCc0/ …";;;#WakeUp #BlackLivesMatter #AltonSterling #SayHisName;"750696530315767808";https://twitter.com/singrasul/status/750696530315767808
WPIR984Fm;2016-07-06 07:18;0;0;"#AltonSterling 's family speaks out on the shooting. (Via: msnbc) #WPIRMagazine #WPIR 98.4Fm… https://www. instagram.com/p/BHheoG0gBqp/";;;#AltonSterling #WPIRMagazine #WPIR;"750695459199614976";https://twitter.com/WPIR984Fm/status/750695459199614976
WHO_is_JONATHAN;2016-07-06 07:18;0;0;"-Jonathan #altonsterling @The Bronx, NYC https://www. instagram.com/p/BHheminjEn6/";;@The;#altonsterling;"750695387850301444";https://twitter.com/WHO_is_JONATHAN/status/750695387850301444
MRRADIONYC;2016-07-06 07:13;0;0;"This is a cruel world that we live in! #AltonSterling @New York, New York https://www. instagram.com/p/BHheEcyjgs_/";;@New;#AltonSterling;"750694216003645440";https://twitter.com/MRRADIONYC/status/750694216003645440
Candid_bk;2016-07-06 07:04;0;1;"The real fight continues. #AltonSterling @Brooklyn, New York https://www. instagram.com/p/BHhdD0FD7WB/";;@Brooklyn;#AltonSterling;"750691994641522688";https://twitter.com/Candid_bk/status/750691994641522688
singrasul;2016-07-06 07:02;0;1;"#Disgusting #BlackLivesMatter #AltonSterling #HeavenHelpUsAll … https://www. instagram.com/p/BHhc12NDdLWr hekI5cucTHa6-pKCPpjgWGI9sk0/ …";;;#Disgusting #BlackLivesMatter #AltonSterling #HeavenHelpUsAll;"750691516629323777";https://twitter.com/singrasul/status/750691516629323777
NewYorkCP;2016-07-06 06:38;0;0;"New York trends now: Lionel Messi, Oscar Pistorius, No Mega Millions, AltonSterling and Chilcot. http:// toplocalnow.com/us/new-york-ci ty?section=trends …";;;;"750685277329371136";https://twitter.com/NewYorkCP/status/750685277329371136
DynastyTheKing;2016-07-06 06:23;0;0;"Rest in peace Alton .... @W New York - Times Square https://www. instagram.com/p/BHhYUgMjqBT/";;@W;;"750681574459465728";https://twitter.com/DynastyTheKing/status/750681574459465728
MrMecc;2016-07-06 06:11;0;0;"To bad cops don't know it. #GoodMorning #LiveLimitless #BlackLivesMatter #AltonSterling … https://www. instagram.com/p/BHhW-SXBJRy/";;;#GoodMorning #LiveLimitless #BlackLivesMatter #AltonSterling;"750678615134576640";https://twitter.com/MrMecc/status/750678615134576640
StevenTYoung;2016-07-06 06:03;0;0;"Alton Sterling Shot By Police! http://www. theyoungclub.com/new-blog/2016/ 7/6/alton-sterling-shot-by-police …";;;;"750676443823214592";https://twitter.com/StevenTYoung/status/750676443823214592
NewYorkCP;2016-07-06 06:01;0;0;"Who was AltonSterling ? What we know so far about the man killed by Baton Rouge police http:// nydn.us/29hGs38";;;;"750676080130793476";https://twitter.com/NewYorkCP/status/750676080130793476
NewYorkCP;2016-07-06 06:01;0;0;""MAKES ME SICK": People are outraged over AltonSterling 's police killing in Louisiana http:// nydn.us/29hK3CX";;;;"750676077094199296";https://twitter.com/NewYorkCP/status/750676077094199296
xtinaboateng;2016-07-06 05:55;0;0;"#altonsterling say his name, people. Most of you probably won't read… https://www. instagram.com/p/BHhVI3shokQJ OT9jjsFqh7U7J5g6NevQkZVT_I0/ …";;;#altonsterling;"750674581522788352";https://twitter.com/xtinaboateng/status/750674581522788352
Emile44;2016-07-06 05:23;0;0;"#AltonSterling When Does It End? @New York, New York https://www. instagram.com/p/BHhRfh_DOGEI OuSEPB8m8ASVWSKV_GZEsUzDLk0/ …";;@New;#AltonSterling;"750666558662385665";https://twitter.com/Emile44/status/750666558662385665
theeblkunicorn;2016-07-06 04:40;0;0;"#heart is heavy ... 6shots #altonsterling #rip #howmanymore . . . . . . . . .… https://www. instagram.com/p/BHhMhHgAC5r/";;;#heart #altonsterling #rip #howmanymore;"750655616973172737";https://twitter.com/theeblkunicorn/status/750655616973172737
NewYorkCP;2016-07-06 04:36;2;0;"New York trends now: Lionel Messi, Oscar Pistorius, No Mega Millions, Chilcot and AltonSterling . http:// toplocalnow.com/us/new-york-ci ty?section=trends …";;;;"750654681257381888";https://twitter.com/NewYorkCP/status/750654681257381888
CarLovyMusicc;2016-07-06 03:47;0;1;"Stay woke #AltonSterling @Harlem, Manhattan, New York. https://www. instagram.com/p/BHhGe5Mhhui/";;@Harlem;#AltonSterling;"750642350238502913";https://twitter.com/CarLovyMusicc/status/750642350238502913
NewYorkCP;2016-07-06 03:45;0;0;"New York trends now: Oscar Pistorius, No Mega Millions, AltonSterling , NationalKissingDay and GotFiredBecause. http:// toplocalnow.com/us/new-york-ci ty?section=trends …";;;;"750641770598326272";https://twitter.com/NewYorkCP/status/750641770598326272
CarLovyMusicc;2016-07-06 03:44;0;0;"Stay woke #AltonSterling @Harlem, Manhattan, New York. https://www. instagram.com/p/BHhGE8dBcJp/";;@Harlem;#AltonSterling;"750641460525928450";https://twitter.com/CarLovyMusicc/status/750641460525928450
MstrBrown;2016-07-06 03:02;0;0;"This has been going on forever. #TheNewJimCrow #AltonSterling … https://www. instagram.com/p/BHhBRlAhQAF0 p4z_8NY47KhHxIii-8wS5qZfSc0/ …";;;#TheNewJimCrow #AltonSterling;"750630897716649984";https://twitter.com/MstrBrown/status/750630897716649984
NewYorkCP;2016-07-06 02:38;0;0;"New York trends now: Saddam Hussein, No Mega Millions, AltonSterling , OscarPistorius and GotFiredBecause. http:// toplocalnow.com/us/new-york-ci ty?section=trends …";;;;"750624857906245632";https://twitter.com/NewYorkCP/status/750624857906245632
NewYorkCP;2016-07-06 01:49;0;0;"Shaun King: Don't try to make sense of the brutal police killing of Alton Sterling http:// nydn.us/29gWOcq";;;;"750612534479036416";https://twitter.com/NewYorkCP/status/750612534479036416
singrasul;2016-07-06 00:44;0;0;"#AltonSterling #BlackLivesMatter #EnoughIsEnough #NoJusiceNoPeace … https://www. instagram.com/p/BHgxiZ4j5Mgp 97ynaKaUWJjhwMg3VFIiKv1sng0/ …";;;#AltonSterling #BlackLivesMatter #EnoughIsEnough #NoJusiceNoPeace;"750596288807333888";https://twitter.com/singrasul/status/750596288807333888
Nikx_Official;2016-07-06 00:27;0;0;"#altonsterling #blacklivesmatter #landofthefree ?? @New York, New York https://www. instagram.com/p/BHgvnSbjubU/";;@New;#altonsterling #blacklivesmatter #landofthefree;"750592058554015745";https://twitter.com/Nikx_Official/status/750592058554015745
J_M_Woods;2016-07-05 23:56;0;1;"#altonsterling #racism #america #thisisnotamerica Did you know Louisiana is an open carry… https://www. instagram.com/p/BHgsDXtj02V/";;;#altonsterling #racism #america #thisisnotamerica;"750584227498983424";https://twitter.com/J_M_Woods/status/750584227498983424
NewYorkCP;2016-07-05 23:01;0;0;"Store owner told Daily News that Alton Sterling pleaded "What did I do, what's going on?" http:// nydn.us/29gWQAQ";;;;"750570381703012352";https://twitter.com/NewYorkCP/status/750570381703012352
GrettaTheBlonde;2016-07-02 16:22;0;0;""I have not lost faith in God. I have moments of anger and protest . Sometimes I've been closer… https://www. instagram.com/p/BHYJsTIhiux/";;;;"749382772242780160";https://twitter.com/GrettaTheBlonde/status/749382772242780160